SizeA,SizeB,Glottocode,Parameter,DataA,DataB
73.0,39.0,amha1245,Sounds,JIPA,LAPSyD
31.0,38.0,assa1263,Sounds,JIPA,LAPSyD
35.0,33.0,nort2697,Sounds,JIPA,LAPSyD
24.0,24.0,bard1255,Sounds,JIPA,LAPSyD
79.0,43.0,beng1280,Sounds,JIPA,LAPSyD
43.5,43.0,stan1293,Sounds,JIPA,LAPSyD
30.0,28.0,bulg1262,Sounds,JIPA,LAPSyD
55.0,47.0,nucl1310,Sounds,JIPA,LAPSyD
31.0,30.0,stan1289,Sounds,JIPA,LAPSyD
39.0,38.0,czec1258,Sounds,JIPA,LAPSyD
42.0,34.0,dutc1256,Sounds,JIPA,LAPSyD
35.0,35.0,stan1290,Sounds,JIPA,LAPSyD
41.0,42.0,stan1295,Sounds,JIPA,LAPSyD
35.0,36.0,viet1252,Sounds,JIPA,LAPSyD
42.0,43.0,haus1257,Sounds,JIPA,LAPSyD
30.0,26.0,hebr1245,Sounds,JIPA,LAPSyD
85.0,58.0,hind1269,Sounds,JIPA,LAPSyD
68.0,40.0,hung1274,Sounds,JIPA,LAPSyD
38.0,35.0,nucl1417,Sounds,JIPA,LAPSyD
31.0,28.0,indo1316,Sounds,JIPA,LAPSyD
50.0,49.0,iris1253,Sounds,JIPA,LAPSyD
30.0,30.0,ital1282,Sounds,JIPA,LAPSyD
22.0,25.0,nucl1643,Sounds,JIPA,LAPSyD
52.0,50.0,jica1244,Sounds,JIPA,LAPSyD
41.0,31.0,kera1255,Sounds,JIPA,LAPSyD
48.0,32.0,kore1280,Sounds,JIPA,LAPSyD
53.0,35.0,kuna1268,Sounds,JIPA,LAPSyD
37.0,24.0,maka1311,Sounds,JIPA,LAPSyD
28.0,26.0,mapu1245,Sounds,JIPA,LAPSyD
54.0,35.0,nara1262,Sounds,JIPA,LAPSyD
67.0,40.0,nepa1254,Sounds,JIPA,LAPSyD
29.0,30.0,west2369,Sounds,JIPA,LAPSyD
25.0,23.0,pitj1243,Sounds,JIPA,LAPSyD
39.0,43.0,poli1260,Sounds,JIPA,LAPSyD
42.0,38.0,russ1263,Sounds,JIPA,LAPSyD
59.0,62.0,sand1273,Sounds,JIPA,LAPSyD
26.0,25.0,seri1257,Sounds,JIPA,LAPSyD
24.0,23.0,ship1254,Sounds,JIPA,LAPSyD
21.0,22.0,jebe1250,Sounds,JIPA,LAPSyD
66.0,66.0,sind1272,Sounds,JIPA,LAPSyD
29.0,29.0,slov1268,Sounds,JIPA,LAPSyD
33.0,33.0,nucl1302,Sounds,JIPA,LAPSyD
23.0,26.0,mode1248,Sounds,JIPA,LAPSyD
35.0,35.0,swed1254,Sounds,JIPA,LAPSyD
36.0,23.0,east2440,Sounds,JIPA,LAPSyD
21.0,21.0,malo1243,Sounds,JIPA,LAPSyD
28.0,36.0,tami1289,Sounds,JIPA,LAPSyD
69.0,39.0,tach1250,Sounds,JIPA,LAPSyD
23.0,22.0,taus1251,Sounds,JIPA,LAPSyD
28.0,26.0,timn1235,Sounds,JIPA,LAPSyD
58.0,54.0,tera1251,Sounds,JIPA,LAPSyD
42.0,42.0,thai1261,Sounds,JIPA,LAPSyD
29.0,27.0,tuka1248,Sounds,JIPA,LAPSyD
37.0,36.0,nucl1301,Sounds,JIPA,LAPSyD
37.0,33.0,uppe1395,Sounds,JIPA,LAPSyD
26.0,21.0,yine1238,Sounds,JIPA,LAPSyD
66.0,32.0,amha1245,Consonants,JIPA,LAPSyD
23.0,23.0,assa1263,Consonants,JIPA,LAPSyD
26.0,24.0,nort2697,Consonants,JIPA,LAPSyD
17.0,17.0,bard1255,Consonants,JIPA,LAPSyD
56.0,29.0,beng1280,Consonants,JIPA,LAPSyD
24.0,24.0,stan1293,Consonants,JIPA,LAPSyD
22.0,22.0,bulg1262,Consonants,JIPA,LAPSyD
34.0,34.0,nucl1310,Consonants,JIPA,LAPSyD
24.0,23.0,stan1289,Consonants,JIPA,LAPSyD
26.0,25.0,czec1258,Consonants,JIPA,LAPSyD
20.0,18.0,dutc1256,Consonants,JIPA,LAPSyD
21.0,21.0,stan1290,Consonants,JIPA,LAPSyD
22.0,23.0,stan1295,Consonants,JIPA,LAPSyD
23.0,22.0,viet1252,Consonants,JIPA,LAPSyD
32.0,31.0,haus1257,Consonants,JIPA,LAPSyD
25.0,21.0,hebr1245,Consonants,JIPA,LAPSyD
64.0,38.0,hind1269,Consonants,JIPA,LAPSyD
50.0,26.0,hung1274,Consonants,JIPA,LAPSyD
27.0,27.0,nucl1417,Consonants,JIPA,LAPSyD
22.0,22.0,indo1316,Consonants,JIPA,LAPSyD
35.0,35.0,iris1253,Consonants,JIPA,LAPSyD
23.0,23.0,ital1282,Consonants,JIPA,LAPSyD
17.0,15.0,nucl1643,Consonants,JIPA,LAPSyD
34.0,32.0,jica1244,Consonants,JIPA,LAPSyD
24.0,19.0,kera1255,Consonants,JIPA,LAPSyD
20.0,21.0,kore1280,Consonants,JIPA,LAPSyD
43.0,22.0,kuna1268,Consonants,JIPA,LAPSyD
32.0,19.0,maka1311,Consonants,JIPA,LAPSyD
22.0,20.0,mapu1245,Consonants,JIPA,LAPSyD
42.0,25.0,nara1262,Consonants,JIPA,LAPSyD
56.0,29.0,nepa1254,Consonants,JIPA,LAPSyD
23.0,24.0,west2369,Consonants,JIPA,LAPSyD
17.0,17.0,pitj1243,Consonants,JIPA,LAPSyD
33.0,35.0,poli1260,Consonants,JIPA,LAPSyD
36.0,33.0,russ1263,Consonants,JIPA,LAPSyD
44.0,47.0,sand1273,Consonants,JIPA,LAPSyD
18.0,17.0,seri1257,Consonants,JIPA,LAPSyD
16.0,15.0,ship1254,Consonants,JIPA,LAPSyD
17.0,18.0,jebe1250,Consonants,JIPA,LAPSyD
46.0,46.0,sind1272,Consonants,JIPA,LAPSyD
21.0,21.0,slov1268,Consonants,JIPA,LAPSyD
28.0,28.0,nucl1302,Consonants,JIPA,LAPSyD
18.0,21.0,mode1248,Consonants,JIPA,LAPSyD
18.0,18.0,swed1254,Consonants,JIPA,LAPSyD
31.0,18.0,east2440,Consonants,JIPA,LAPSyD
16.0,16.0,malo1243,Consonants,JIPA,LAPSyD
16.0,24.0,tami1289,Consonants,JIPA,LAPSyD
66.0,36.0,tach1250,Consonants,JIPA,LAPSyD
20.0,17.0,taus1251,Consonants,JIPA,LAPSyD
19.0,17.0,timn1235,Consonants,JIPA,LAPSyD
43.0,43.0,tera1251,Consonants,JIPA,LAPSyD
21.0,21.0,thai1261,Consonants,JIPA,LAPSyD
24.0,22.0,tuka1248,Consonants,JIPA,LAPSyD
25.0,24.0,nucl1301,Consonants,JIPA,LAPSyD
29.0,26.0,uppe1395,Consonants,JIPA,LAPSyD
16.0,16.0,yine1238,Consonants,JIPA,LAPSyD
7.0,7.0,amha1245,Vowels,JIPA,LAPSyD
8.0,15.0,assa1263,Vowels,JIPA,LAPSyD
9.0,9.0,nort2697,Vowels,JIPA,LAPSyD
7.0,7.0,bard1255,Vowels,JIPA,LAPSyD
23.0,14.0,beng1280,Vowels,JIPA,LAPSyD
19.5,19.0,stan1293,Vowels,JIPA,LAPSyD
8.0,6.0,bulg1262,Vowels,JIPA,LAPSyD
21.0,13.0,nucl1310,Vowels,JIPA,LAPSyD
7.0,7.0,stan1289,Vowels,JIPA,LAPSyD
13.0,13.0,czec1258,Vowels,JIPA,LAPSyD
22.0,16.0,dutc1256,Vowels,JIPA,LAPSyD
14.0,14.0,stan1290,Vowels,JIPA,LAPSyD
19.0,19.0,stan1295,Vowels,JIPA,LAPSyD
12.0,14.0,viet1252,Vowels,JIPA,LAPSyD
10.0,12.0,haus1257,Vowels,JIPA,LAPSyD
5.0,5.0,hebr1245,Vowels,JIPA,LAPSyD
21.0,20.0,hind1269,Vowels,JIPA,LAPSyD
18.0,14.0,hung1274,Vowels,JIPA,LAPSyD
11.0,8.0,nucl1417,Vowels,JIPA,LAPSyD
9.0,6.0,indo1316,Vowels,JIPA,LAPSyD
15.0,14.0,iris1253,Vowels,JIPA,LAPSyD
7.0,7.0,ital1282,Vowels,JIPA,LAPSyD
5.0,10.0,nucl1643,Vowels,JIPA,LAPSyD
18.0,18.0,jica1244,Vowels,JIPA,LAPSyD
17.0,12.0,kera1255,Vowels,JIPA,LAPSyD
28.0,11.0,kore1280,Vowels,JIPA,LAPSyD
10.0,13.0,kuna1268,Vowels,JIPA,LAPSyD
5.0,5.0,maka1311,Vowels,JIPA,LAPSyD
6.0,6.0,mapu1245,Vowels,JIPA,LAPSyD
12.0,10.0,nara1262,Vowels,JIPA,LAPSyD
11.0,11.0,nepa1254,Vowels,JIPA,LAPSyD
6.0,6.0,west2369,Vowels,JIPA,LAPSyD
8.0,6.0,pitj1243,Vowels,JIPA,LAPSyD
6.0,8.0,poli1260,Vowels,JIPA,LAPSyD
6.0,5.0,russ1263,Vowels,JIPA,LAPSyD
15.0,15.0,sand1273,Vowels,JIPA,LAPSyD
8.0,8.0,seri1257,Vowels,JIPA,LAPSyD
8.0,8.0,ship1254,Vowels,JIPA,LAPSyD
4.0,4.0,jebe1250,Vowels,JIPA,LAPSyD
20.0,20.0,sind1272,Vowels,JIPA,LAPSyD
8.0,8.0,slov1268,Vowels,JIPA,LAPSyD
5.0,5.0,nucl1302,Vowels,JIPA,LAPSyD
5.0,5.0,mode1248,Vowels,JIPA,LAPSyD
17.0,17.0,swed1254,Vowels,JIPA,LAPSyD
5.0,5.0,east2440,Vowels,JIPA,LAPSyD
5.0,5.0,malo1243,Vowels,JIPA,LAPSyD
12.0,12.0,tami1289,Vowels,JIPA,LAPSyD
3.0,3.0,tach1250,Vowels,JIPA,LAPSyD
3.0,5.0,taus1251,Vowels,JIPA,LAPSyD
9.0,9.0,timn1235,Vowels,JIPA,LAPSyD
15.0,11.0,tera1251,Vowels,JIPA,LAPSyD
21.0,21.0,thai1261,Vowels,JIPA,LAPSyD
5.0,5.0,tuka1248,Vowels,JIPA,LAPSyD
12.0,12.0,nucl1301,Vowels,JIPA,LAPSyD
8.0,7.0,uppe1395,Vowels,JIPA,LAPSyD
10.0,5.0,yine1238,Vowels,JIPA,LAPSyD
73.0,37.0,amha1245,Sounds,JIPA,UPSID
35.0,33.0,nort2697,Sounds,JIPA,UPSID
24.0,24.0,bard1255,Sounds,JIPA,UPSID
79.0,43.0,beng1280,Sounds,JIPA,UPSID
50.0,45.0,bret1244,Sounds,JIPA,UPSID
30.0,42.0,bulg1262,Sounds,JIPA,UPSID
55.0,46.0,nucl1310,Sounds,JIPA,UPSID
52.0,30.0,east2379,Sounds,JIPA,UPSID
54.0,25.0,yuec1235,Sounds,JIPA,UPSID
35.0,37.0,stan1290,Sounds,JIPA,UPSID
41.0,41.0,stan1295,Sounds,JIPA,UPSID
35.0,36.0,viet1252,Sounds,JIPA,UPSID
42.0,38.0,haus1257,Sounds,JIPA,UPSID
85.0,61.0,hind1269,Sounds,JIPA,UPSID
68.0,40.0,hung1274,Sounds,JIPA,UPSID
38.0,59.0,nucl1417,Sounds,JIPA,UPSID
50.0,69.0,iris1253,Sounds,JIPA,UPSID
47.0,40.0,lish1246,Sounds,JIPA,UPSID
22.0,20.0,nucl1643,Sounds,JIPA,UPSID
41.0,30.0,kera1255,Sounds,JIPA,UPSID
48.0,32.0,kore1280,Sounds,JIPA,UPSID
53.0,26.0,kuna1268,Sounds,JIPA,UPSID
28.0,26.0,mapu1245,Sounds,JIPA,UPSID
54.0,22.0,nara1262,Sounds,JIPA,UPSID
67.0,39.0,nepa1254,Sounds,JIPA,UPSID
42.0,42.0,nuuc1236,Sounds,JIPA,UPSID
29.0,30.0,west2369,Sounds,JIPA,UPSID
42.0,38.0,russ1263,Sounds,JIPA,UPSID
59.0,54.0,sand1273,Sounds,JIPA,UPSID
44.0,34.0,wuch1236,Sounds,JIPA,UPSID
21.0,23.0,jebe1250,Sounds,JIPA,UPSID
33.0,34.0,nucl1302,Sounds,JIPA,UPSID
23.0,26.0,mode1248,Sounds,JIPA,UPSID
69.0,31.0,tach1250,Sounds,JIPA,UPSID
28.0,25.0,timn1235,Sounds,JIPA,UPSID
58.0,48.0,tera1251,Sounds,JIPA,UPSID
42.0,30.0,thai1261,Sounds,JIPA,UPSID
37.0,33.0,nucl1301,Sounds,JIPA,UPSID
66.0,30.0,amha1245,Consonants,JIPA,UPSID
26.0,24.0,nort2697,Consonants,JIPA,UPSID
17.0,17.0,bard1255,Consonants,JIPA,UPSID
56.0,29.0,beng1280,Consonants,JIPA,UPSID
25.0,25.0,bret1244,Consonants,JIPA,UPSID
22.0,36.0,bulg1262,Consonants,JIPA,UPSID
34.0,33.0,nucl1310,Consonants,JIPA,UPSID
48.0,27.0,east2379,Consonants,JIPA,UPSID
20.0,20.0,yuec1235,Consonants,JIPA,UPSID
21.0,21.0,stan1290,Consonants,JIPA,UPSID
22.0,22.0,stan1295,Consonants,JIPA,UPSID
23.0,22.0,viet1252,Consonants,JIPA,UPSID
32.0,31.0,haus1257,Consonants,JIPA,UPSID
64.0,40.0,hind1269,Consonants,JIPA,UPSID
50.0,26.0,hung1274,Consonants,JIPA,UPSID
27.0,43.0,nucl1417,Consonants,JIPA,UPSID
35.0,45.0,iris1253,Consonants,JIPA,UPSID
39.0,24.0,lish1246,Consonants,JIPA,UPSID
17.0,15.0,nucl1643,Consonants,JIPA,UPSID
24.0,24.0,kera1255,Consonants,JIPA,UPSID
20.0,21.0,kore1280,Consonants,JIPA,UPSID
43.0,19.0,kuna1268,Consonants,JIPA,UPSID
22.0,20.0,mapu1245,Consonants,JIPA,UPSID
42.0,17.0,nara1262,Consonants,JIPA,UPSID
56.0,27.0,nepa1254,Consonants,JIPA,UPSID
34.0,37.0,nuuc1236,Consonants,JIPA,UPSID
23.0,24.0,west2369,Consonants,JIPA,UPSID
36.0,33.0,russ1263,Consonants,JIPA,UPSID
44.0,47.0,sand1273,Consonants,JIPA,UPSID
29.0,25.0,wuch1236,Consonants,JIPA,UPSID
17.0,19.0,jebe1250,Consonants,JIPA,UPSID
28.0,28.0,nucl1302,Consonants,JIPA,UPSID
18.0,21.0,mode1248,Consonants,JIPA,UPSID
66.0,28.0,tach1250,Consonants,JIPA,UPSID
19.0,17.0,timn1235,Consonants,JIPA,UPSID
43.0,42.0,tera1251,Consonants,JIPA,UPSID
21.0,21.0,thai1261,Consonants,JIPA,UPSID
25.0,25.0,nucl1301,Consonants,JIPA,UPSID
7.0,7.0,amha1245,Vowels,JIPA,UPSID
9.0,9.0,nort2697,Vowels,JIPA,UPSID
7.0,7.0,bard1255,Vowels,JIPA,UPSID
23.0,14.0,beng1280,Vowels,JIPA,UPSID
25.0,20.0,bret1244,Vowels,JIPA,UPSID
8.0,6.0,bulg1262,Vowels,JIPA,UPSID
21.0,13.0,nucl1310,Vowels,JIPA,UPSID
4.0,3.0,east2379,Vowels,JIPA,UPSID
34.0,5.0,yuec1235,Vowels,JIPA,UPSID
14.0,16.0,stan1290,Vowels,JIPA,UPSID
19.0,19.0,stan1295,Vowels,JIPA,UPSID
12.0,14.0,viet1252,Vowels,JIPA,UPSID
10.0,7.0,haus1257,Vowels,JIPA,UPSID
21.0,21.0,hind1269,Vowels,JIPA,UPSID
18.0,14.0,hung1274,Vowels,JIPA,UPSID
11.0,16.0,nucl1417,Vowels,JIPA,UPSID
15.0,24.0,iris1253,Vowels,JIPA,UPSID
8.0,16.0,lish1246,Vowels,JIPA,UPSID
5.0,5.0,nucl1643,Vowels,JIPA,UPSID
17.0,6.0,kera1255,Vowels,JIPA,UPSID
28.0,11.0,kore1280,Vowels,JIPA,UPSID
10.0,7.0,kuna1268,Vowels,JIPA,UPSID
6.0,6.0,mapu1245,Vowels,JIPA,UPSID
12.0,5.0,nara1262,Vowels,JIPA,UPSID
11.0,12.0,nepa1254,Vowels,JIPA,UPSID
8.0,5.0,nuuc1236,Vowels,JIPA,UPSID
6.0,6.0,west2369,Vowels,JIPA,UPSID
6.0,5.0,russ1263,Vowels,JIPA,UPSID
15.0,7.0,sand1273,Vowels,JIPA,UPSID
15.0,9.0,wuch1236,Vowels,JIPA,UPSID
4.0,4.0,jebe1250,Vowels,JIPA,UPSID
5.0,6.0,nucl1302,Vowels,JIPA,UPSID
5.0,5.0,mode1248,Vowels,JIPA,UPSID
3.0,3.0,tach1250,Vowels,JIPA,UPSID
9.0,8.0,timn1235,Vowels,JIPA,UPSID
15.0,6.0,tera1251,Vowels,JIPA,UPSID
21.0,9.0,thai1261,Vowels,JIPA,UPSID
12.0,8.0,nucl1301,Vowels,JIPA,UPSID
36.0,25.0,bemb1257,Sounds,JIPA,PH
31.0,39.0,stan1289,Sounds,JIPA,PH
43.0,25.0,chic1270,Sounds,JIPA,PH
37.0,36.0,croa1245,Sounds,JIPA,PH
39.0,38.0,czec1258,Sounds,JIPA,PH
42.0,39.0,dutc1256,Sounds,JIPA,PH
36.0,36.0,egaa1242,Sounds,JIPA,PH
29.0,28.0,gali1258,Sounds,JIPA,PH
27.0,27.0,gayo1244,Sounds,JIPA,PH
31.0,30.0,ibib1240,Sounds,JIPA,PH
31.0,31.0,indo1316,Sounds,JIPA,PH
30.0,30.0,ital1282,Sounds,JIPA,PH
33.0,33.0,jama1262,Sounds,JIPA,PH
52.0,53.0,jica1244,Sounds,JIPA,PH
51.0,45.0,kabi1261,Sounds,JIPA,PH
31.0,30.0,keoo1238,Sounds,JIPA,PH
47.0,33.0,lisu1250,Sounds,JIPA,PH
60.0,50.0,mamb1294,Sounds,JIPA,PH
41.0,41.0,mono1270,Sounds,JIPA,PH
42.0,47.0,nuuc1236,Sounds,JIPA,PH
40.0,40.0,phal1254,Sounds,JIPA,PH
27.0,29.0,sala1272,Sounds,JIPA,PH
26.0,25.0,seri1257,Sounds,JIPA,PH
66.0,54.0,sind1272,Sounds,JIPA,PH
29.0,37.0,slov1268,Sounds,JIPA,PH
44.0,43.0,spok1245,Sounds,JIPA,PH
44.0,47.0,east2295,Sounds,JIPA,PH
35.0,35.0,swed1254,Sounds,JIPA,PH
36.0,30.5,east2440,Sounds,JIPA,PH
21.0,21.0,malo1243,Sounds,JIPA,PH
28.0,33.0,tami1289,Sounds,JIPA,PH
29.0,29.0,tuka1248,Sounds,JIPA,PH
38.0,30.0,ukra1253,Sounds,JIPA,PH
26.0,26.0,yine1238,Sounds,JIPA,PH
26.0,15.0,bemb1257,Consonants,JIPA,PH
24.0,23.0,stan1289,Consonants,JIPA,PH
31.0,16.0,chic1270,Consonants,JIPA,PH
25.0,25.0,croa1245,Consonants,JIPA,PH
26.0,25.0,czec1258,Consonants,JIPA,PH
20.0,24.0,dutc1256,Consonants,JIPA,PH
27.0,27.0,egaa1242,Consonants,JIPA,PH
21.0,21.0,gali1258,Consonants,JIPA,PH
19.0,19.0,gayo1244,Consonants,JIPA,PH
17.0,17.0,ibib1240,Consonants,JIPA,PH
22.0,22.0,indo1316,Consonants,JIPA,PH
23.0,23.0,ital1282,Consonants,JIPA,PH
21.0,21.0,jama1262,Consonants,JIPA,PH
34.0,34.0,jica1244,Consonants,JIPA,PH
26.0,22.0,kabi1261,Consonants,JIPA,PH
25.0,24.0,keoo1238,Consonants,JIPA,PH
39.0,25.0,lisu1250,Consonants,JIPA,PH
26.0,26.0,mamb1294,Consonants,JIPA,PH
33.0,33.0,mono1270,Consonants,JIPA,PH
34.0,37.0,nuuc1236,Consonants,JIPA,PH
30.0,30.0,phal1254,Consonants,JIPA,PH
24.0,24.0,sala1272,Consonants,JIPA,PH
18.0,17.0,seri1257,Consonants,JIPA,PH
46.0,44.0,sind1272,Consonants,JIPA,PH
21.0,21.0,slov1268,Consonants,JIPA,PH
38.0,38.0,spok1245,Consonants,JIPA,PH
35.0,38.0,east2295,Consonants,JIPA,PH
18.0,18.0,swed1254,Consonants,JIPA,PH
31.0,25.5,east2440,Consonants,JIPA,PH
16.0,16.0,malo1243,Consonants,JIPA,PH
16.0,21.0,tami1289,Consonants,JIPA,PH
24.0,24.0,tuka1248,Consonants,JIPA,PH
32.0,24.0,ukra1253,Consonants,JIPA,PH
16.0,16.0,yine1238,Consonants,JIPA,PH
10.0,10.0,bemb1257,Vowels,JIPA,PH
7.0,16.0,stan1289,Vowels,JIPA,PH
12.0,9.0,chic1270,Vowels,JIPA,PH
12.0,11.0,croa1245,Vowels,JIPA,PH
13.0,13.0,czec1258,Vowels,JIPA,PH
22.0,15.0,dutc1256,Vowels,JIPA,PH
9.0,9.0,egaa1242,Vowels,JIPA,PH
8.0,7.0,gali1258,Vowels,JIPA,PH
8.0,8.0,gayo1244,Vowels,JIPA,PH
14.0,13.0,ibib1240,Vowels,JIPA,PH
9.0,9.0,indo1316,Vowels,JIPA,PH
7.0,7.0,ital1282,Vowels,JIPA,PH
12.0,12.0,jama1262,Vowels,JIPA,PH
18.0,19.0,jica1244,Vowels,JIPA,PH
25.0,23.0,kabi1261,Vowels,JIPA,PH
6.0,6.0,keoo1238,Vowels,JIPA,PH
8.0,8.0,lisu1250,Vowels,JIPA,PH
34.0,24.0,mamb1294,Vowels,JIPA,PH
8.0,8.0,mono1270,Vowels,JIPA,PH
8.0,10.0,nuuc1236,Vowels,JIPA,PH
10.0,10.0,phal1254,Vowels,JIPA,PH
3.0,5.0,sala1272,Vowels,JIPA,PH
8.0,8.0,seri1257,Vowels,JIPA,PH
20.0,10.0,sind1272,Vowels,JIPA,PH
8.0,16.0,slov1268,Vowels,JIPA,PH
6.0,5.0,spok1245,Vowels,JIPA,PH
9.0,9.0,east2295,Vowels,JIPA,PH
17.0,17.0,swed1254,Vowels,JIPA,PH
5.0,5.0,east2440,Vowels,JIPA,PH
5.0,5.0,malo1243,Vowels,JIPA,PH
12.0,12.0,tami1289,Vowels,JIPA,PH
5.0,5.0,tuka1248,Vowels,JIPA,PH
6.0,6.0,ukra1253,Vowels,JIPA,PH
10.0,10.0,yine1238,Vowels,JIPA,PH
73.0,68.0,amha1245,Sounds,JIPA,UZ
37.0,37.0,stan1318,Sounds,JIPA,UZ
31.0,33.0,assa1263,Sounds,JIPA,UZ
24.0,25.0,bard1255,Sounds,JIPA,UZ
79.0,72.0,beng1280,Sounds,JIPA,UZ
43.5,39.5,stan1293,Sounds,JIPA,UZ
29.0,29.0,taji1245,Sounds,JIPA,UZ
30.0,30.0,bulg1262,Sounds,JIPA,UZ
52.0,31.0,east2379,Sounds,JIPA,UZ
41.0,36.0,cent2092,Sounds,JIPA,UZ
54.0,42.0,yuec1235,Sounds,JIPA,UZ
25.0,27.0,coco1260,Sounds,JIPA,UZ
47.0,69.0,dani1285,Sounds,JIPA,UZ
42.0,56.0,dutc1256,Sounds,JIPA,UZ
60.0,59.0,ersu1241,Sounds,JIPA,UZ
95.0,54.0,esto1258,Sounds,JIPA,UZ
47.0,47.0,port1283,Sounds,JIPA,UZ
35.0,36.0,stan1290,Sounds,JIPA,UZ
41.0,40.0,stan1295,Sounds,JIPA,UZ
42.0,42.0,haus1257,Sounds,JIPA,UZ
30.0,27.0,hebr1245,Sounds,JIPA,UZ
85.0,74.0,hind1269,Sounds,JIPA,UZ
50.0,50.0,iris1253,Sounds,JIPA,UZ
25.0,34.0,ladi1251,Sounds,JIPA,UZ
34.0,29.0,isth1244,Sounds,JIPA,UZ
22.0,21.0,nucl1643,Sounds,JIPA,UZ
20.0,22.0,keda1250,Sounds,JIPA,UZ
41.0,30.0,kera1255,Sounds,JIPA,UZ
48.0,48.0,kore1280,Sounds,JIPA,UZ
34.0,35.0,kumz1235,Sounds,JIPA,UZ
53.0,31.0,kuna1268,Sounds,JIPA,UZ
65.0,64.5,shix1238,Sounds,JIPA,UZ
58.0,59.0,sout2832,Sounds,JIPA,UZ
55.0,46.0,luxe1241,Sounds,JIPA,UZ
58.0,58.0,besi1244,Sounds,JIPA,UZ
54.0,53.0,nara1262,Sounds,JIPA,UZ
67.0,74.0,nepa1254,Sounds,JIPA,UZ
29.0,29.0,west2369,Sounds,JIPA,UZ
25.0,25.0,pitj1243,Sounds,JIPA,UZ
43.0,44.0,slov1269,Sounds,JIPA,UZ
40.0,40.0,sout2672,Sounds,JIPA,UZ
33.0,33.0,nucl1302,Sounds,JIPA,UZ
30.0,30.0,stan1306,Sounds,JIPA,UZ
23.0,32.0,mode1248,Sounds,JIPA,UZ
35.0,38.0,sumi1235,Sounds,JIPA,UZ
69.0,74.0,tach1250,Sounds,JIPA,UZ
23.0,23.0,taus1251,Sounds,JIPA,UZ
28.0,34.0,timn1235,Sounds,JIPA,UZ
58.0,50.0,tera1251,Sounds,JIPA,UZ
42.0,42.0,thai1261,Sounds,JIPA,UZ
37.0,36.0,nucl1301,Sounds,JIPA,UZ
55.0,56.0,swis1247,Sounds,JIPA,UZ
66.0,61.0,amha1245,Consonants,JIPA,UZ
29.0,29.0,stan1318,Consonants,JIPA,UZ
23.0,23.0,assa1263,Consonants,JIPA,UZ
17.0,18.0,bard1255,Consonants,JIPA,UZ
56.0,49.0,beng1280,Consonants,JIPA,UZ
24.0,24.0,stan1293,Consonants,JIPA,UZ
23.0,23.0,taji1245,Consonants,JIPA,UZ
22.0,23.0,bulg1262,Consonants,JIPA,UZ
48.0,27.0,east2379,Consonants,JIPA,UZ
30.0,30.0,cent2092,Consonants,JIPA,UZ
20.0,21.0,yuec1235,Consonants,JIPA,UZ
19.0,19.0,coco1260,Consonants,JIPA,UZ
24.0,20.0,dani1285,Consonants,JIPA,UZ
20.0,22.0,dutc1256,Consonants,JIPA,UZ
54.0,51.0,ersu1241,Consonants,JIPA,UZ
25.0,45.0,esto1258,Consonants,JIPA,UZ
19.0,19.0,port1283,Consonants,JIPA,UZ
21.0,21.0,stan1290,Consonants,JIPA,UZ
22.0,21.0,stan1295,Consonants,JIPA,UZ
32.0,32.0,haus1257,Consonants,JIPA,UZ
25.0,22.0,hebr1245,Consonants,JIPA,UZ
64.0,63.0,hind1269,Consonants,JIPA,UZ
35.0,35.0,iris1253,Consonants,JIPA,UZ
20.0,20.0,ladi1251,Consonants,JIPA,UZ
22.0,22.0,isth1244,Consonants,JIPA,UZ
17.0,16.0,nucl1643,Consonants,JIPA,UZ
17.0,18.0,keda1250,Consonants,JIPA,UZ
24.0,24.0,kera1255,Consonants,JIPA,UZ
20.0,20.0,kore1280,Consonants,JIPA,UZ
26.0,27.0,kumz1235,Consonants,JIPA,UZ
43.0,23.0,kuna1268,Consonants,JIPA,UZ
51.0,51.0,shix1238,Consonants,JIPA,UZ
20.0,20.0,sout2832,Consonants,JIPA,UZ
25.0,24.0,luxe1241,Consonants,JIPA,UZ
30.0,30.0,besi1244,Consonants,JIPA,UZ
42.0,43.0,nara1262,Consonants,JIPA,UZ
56.0,53.0,nepa1254,Consonants,JIPA,UZ
23.0,23.0,west2369,Consonants,JIPA,UZ
17.0,17.0,pitj1243,Consonants,JIPA,UZ
29.0,29.0,slov1269,Consonants,JIPA,UZ
29.0,29.0,sout2672,Consonants,JIPA,UZ
28.0,28.0,nucl1302,Consonants,JIPA,UZ
24.0,24.0,stan1306,Consonants,JIPA,UZ
18.0,27.0,mode1248,Consonants,JIPA,UZ
29.0,32.0,sumi1235,Consonants,JIPA,UZ
66.0,71.0,tach1250,Consonants,JIPA,UZ
20.0,20.0,taus1251,Consonants,JIPA,UZ
19.0,19.0,timn1235,Consonants,JIPA,UZ
43.0,35.0,tera1251,Consonants,JIPA,UZ
21.0,21.0,thai1261,Consonants,JIPA,UZ
25.0,24.0,nucl1301,Consonants,JIPA,UZ
26.0,27.0,swis1247,Consonants,JIPA,UZ
7.0,7.0,amha1245,Vowels,JIPA,UZ
8.0,8.0,stan1318,Vowels,JIPA,UZ
8.0,10.0,assa1263,Vowels,JIPA,UZ
7.0,7.0,bard1255,Vowels,JIPA,UZ
23.0,23.0,beng1280,Vowels,JIPA,UZ
19.5,15.5,stan1293,Vowels,JIPA,UZ
6.0,6.0,taji1245,Vowels,JIPA,UZ
8.0,7.0,bulg1262,Vowels,JIPA,UZ
4.0,4.0,east2379,Vowels,JIPA,UZ
11.0,6.0,cent2092,Vowels,JIPA,UZ
34.0,21.0,yuec1235,Vowels,JIPA,UZ
6.0,8.0,coco1260,Vowels,JIPA,UZ
23.0,49.0,dani1285,Vowels,JIPA,UZ
22.0,33.0,dutc1256,Vowels,JIPA,UZ
6.0,8.0,ersu1241,Vowels,JIPA,UZ
70.0,9.0,esto1258,Vowels,JIPA,UZ
28.0,28.0,port1283,Vowels,JIPA,UZ
14.0,15.0,stan1290,Vowels,JIPA,UZ
19.0,19.0,stan1295,Vowels,JIPA,UZ
10.0,10.0,haus1257,Vowels,JIPA,UZ
5.0,5.0,hebr1245,Vowels,JIPA,UZ
21.0,11.0,hind1269,Vowels,JIPA,UZ
15.0,15.0,iris1253,Vowels,JIPA,UZ
5.0,14.0,ladi1251,Vowels,JIPA,UZ
12.0,7.0,isth1244,Vowels,JIPA,UZ
5.0,5.0,nucl1643,Vowels,JIPA,UZ
3.0,4.0,keda1250,Vowels,JIPA,UZ
17.0,6.0,kera1255,Vowels,JIPA,UZ
28.0,28.0,kore1280,Vowels,JIPA,UZ
8.0,8.0,kumz1235,Vowels,JIPA,UZ
10.0,8.0,kuna1268,Vowels,JIPA,UZ
14.0,13.5,shix1238,Vowels,JIPA,UZ
38.0,39.0,sout2832,Vowels,JIPA,UZ
30.0,22.0,luxe1241,Vowels,JIPA,UZ
28.0,28.0,besi1244,Vowels,JIPA,UZ
12.0,10.0,nara1262,Vowels,JIPA,UZ
11.0,21.0,nepa1254,Vowels,JIPA,UZ
6.0,6.0,west2369,Vowels,JIPA,UZ
8.0,8.0,pitj1243,Vowels,JIPA,UZ
14.0,15.0,slov1269,Vowels,JIPA,UZ
11.0,11.0,sout2672,Vowels,JIPA,UZ
5.0,5.0,nucl1302,Vowels,JIPA,UZ
6.0,6.0,stan1306,Vowels,JIPA,UZ
5.0,5.0,mode1248,Vowels,JIPA,UZ
6.0,6.0,sumi1235,Vowels,JIPA,UZ
3.0,3.0,tach1250,Vowels,JIPA,UZ
3.0,3.0,taus1251,Vowels,JIPA,UZ
9.0,15.0,timn1235,Vowels,JIPA,UZ
15.0,15.0,tera1251,Vowels,JIPA,UZ
21.0,21.0,thai1261,Vowels,JIPA,UZ
12.0,12.0,nucl1301,Vowels,JIPA,UZ
29.0,29.0,swis1247,Vowels,JIPA,UZ
31.0,31.0,indo1316,Sounds,JIPA,GM
37.0,23.0,maka1311,Sounds,JIPA,GM
59.0,58.0,sand1273,Sounds,JIPA,GM
49.0,51.0,shil1265,Sounds,JIPA,GM
36.0,23.0,east2440,Sounds,JIPA,GM
69.0,37.0,tach1250,Sounds,JIPA,GM
22.0,23.0,indo1316,Consonants,JIPA,GM
32.0,18.0,maka1311,Consonants,JIPA,GM
44.0,43.0,sand1273,Consonants,JIPA,GM
19.0,25.0,shil1265,Consonants,JIPA,GM
31.0,18.0,east2440,Consonants,JIPA,GM
66.0,33.0,tach1250,Consonants,JIPA,GM
9.0,8.0,indo1316,Vowels,JIPA,GM
5.0,5.0,maka1311,Vowels,JIPA,GM
15.0,15.0,sand1273,Vowels,JIPA,GM
30.0,26.0,shil1265,Vowels,JIPA,GM
5.0,5.0,east2440,Vowels,JIPA,GM
3.0,4.0,tach1250,Vowels,JIPA,GM
42.0,43.0,ngas1240,Sounds,LAPSyD,UPSID
35.0,59.0,nucl1417,Sounds,LAPSyD,UPSID
20.0,17.0,alab1237,Sounds,LAPSyD,UPSID
40.0,40.0,hung1274,Sounds,LAPSyD,UPSID
27.0,39.0,pure1242,Sounds,LAPSyD,UPSID
88.0,55.0,seda1262,Sounds,LAPSyD,UPSID
18.0,18.0,suen1241,Sounds,LAPSyD,UPSID
17.0,21.0,wara1290,Sounds,LAPSyD,UPSID
35.0,32.0,mand1415,Sounds,LAPSyD,UPSID
53.0,33.0,paco1243,Sounds,LAPSyD,UPSID
41.0,32.0,nung1283,Sounds,LAPSyD,UPSID
29.0,28.0,basq1248,Sounds,LAPSyD,UPSID
40.0,35.0,cofa1242,Sounds,LAPSyD,UPSID
46.0,45.0,bats1242,Sounds,LAPSyD,UPSID
43.0,43.0,beng1280,Sounds,LAPSyD,UPSID
39.0,37.0,amha1245,Sounds,LAPSyD,UPSID
34.0,35.0,hupa1239,Sounds,LAPSyD,UPSID
14.0,14.0,toar1246,Sounds,LAPSyD,UPSID
43.0,38.0,haus1257,Sounds,LAPSyD,UPSID
44.0,29.0,tuvi1240,Sounds,LAPSyD,UPSID
30.0,30.0,west2369,Sounds,LAPSyD,UPSID
38.0,24.0,mbab1239,Sounds,LAPSyD,UPSID
33.0,35.0,awng1244,Sounds,LAPSyD,UPSID
16.0,16.0,dyir1250,Sounds,LAPSyD,UPSID
43.0,34.0,ndut1239,Sounds,LAPSyD,UPSID
33.0,33.0,nort2697,Sounds,LAPSyD,UPSID
23.0,23.0,kalk1246,Sounds,LAPSyD,UPSID
39.0,23.0,achu1247,Sounds,LAPSyD,UPSID
34.0,29.0,bero1242,Sounds,LAPSyD,UPSID
49.0,69.0,iris1253,Sounds,LAPSyD,UPSID
27.0,23.0,yagu1244,Sounds,LAPSyD,UPSID
39.0,37.0,koho1244,Sounds,LAPSyD,UPSID
36.0,27.0,katc1249,Sounds,LAPSyD,UPSID
34.0,37.0,tulu1258,Sounds,LAPSyD,UPSID
29.0,25.0,nyan1313,Sounds,LAPSyD,UPSID
23.0,23.0,nort2952,Sounds,LAPSyD,UPSID
31.0,22.0,qaqe1238,Sounds,LAPSyD,UPSID
27.0,20.0,aona1235,Sounds,LAPSyD,UPSID
26.0,25.0,wapi1253,Sounds,LAPSyD,UPSID
32.0,29.0,khas1269,Sounds,LAPSyD,UPSID
32.0,32.0,newa1246,Sounds,LAPSyD,UPSID
72.0,55.0,kash1277,Sounds,LAPSyD,UPSID
34.0,34.0,nucl1240,Sounds,LAPSyD,UPSID
33.0,30.0,apin1244,Sounds,LAPSyD,UPSID
40.0,30.0,nezp1238,Sounds,LAPSyD,UPSID
32.0,26.0,kekc1242,Sounds,LAPSyD,UPSID
49.0,48.0,kwak1269,Sounds,LAPSyD,UPSID
23.0,23.0,west2600,Sounds,LAPSyD,UPSID
51.0,39.0,iran1263,Sounds,LAPSyD,UPSID
35.0,36.0,nucl1235,Sounds,LAPSyD,UPSID
24.0,20.0,nort2957,Sounds,LAPSyD,UPSID
42.0,35.0,zand1248,Sounds,LAPSyD,UPSID
37.0,29.0,maba1277,Sounds,LAPSyD,UPSID
27.0,21.0,sout2985,Sounds,LAPSyD,UPSID
18.0,18.0,arab1268,Sounds,LAPSyD,UPSID
22.0,20.0,yess1239,Sounds,LAPSyD,UPSID
42.0,34.0,ogbi1239,Sounds,LAPSyD,UPSID
52.0,33.0,halh1238,Sounds,LAPSyD,UPSID
29.0,29.0,cent2050,Sounds,LAPSyD,UPSID
32.0,32.0,yany1243,Sounds,LAPSyD,UPSID
54.0,52.0,iaai1238,Sounds,LAPSyD,UPSID
62.0,54.0,sand1273,Sounds,LAPSyD,UPSID
21.0,19.0,sout2949,Sounds,LAPSyD,UPSID
25.0,25.0,iban1264,Sounds,LAPSyD,UPSID
36.0,28.0,pech1241,Sounds,LAPSyD,UPSID
25.0,25.0,dier1241,Sounds,LAPSyD,UPSID
36.0,36.0,viet1252,Sounds,LAPSyD,UPSID
24.0,24.0,bard1255,Sounds,LAPSyD,UPSID
46.0,44.0,ikkk1242,Sounds,LAPSyD,UPSID
28.0,28.0,kama1365,Sounds,LAPSyD,UPSID
49.0,35.0,bamb1269,Sounds,LAPSyD,UPSID
52.0,37.0,paez1247,Sounds,LAPSyD,UPSID
24.0,21.0,ache1246,Sounds,LAPSyD,UPSID
36.0,35.0,aghe1239,Sounds,LAPSyD,UPSID
42.0,41.0,stan1295,Sounds,LAPSyD,UPSID
42.0,33.0,tamp1252,Sounds,LAPSyD,UPSID
24.0,27.0,karo1304,Sounds,LAPSyD,UPSID
29.0,23.0,movi1243,Sounds,LAPSyD,UPSID
35.0,35.0,egyp1253,Sounds,LAPSyD,UPSID
25.0,23.0,nung1290,Sounds,LAPSyD,UPSID
39.0,37.0,sang1328,Sounds,LAPSyD,UPSID
28.0,27.0,brib1243,Sounds,LAPSyD,UPSID
37.0,37.0,isok1239,Sounds,LAPSyD,UPSID
33.0,36.0,lako1247,Sounds,LAPSyD,UPSID
28.0,28.0,muin1242,Sounds,LAPSyD,UPSID
42.0,25.0,west2644,Sounds,LAPSyD,UPSID
24.0,24.0,japr1238,Sounds,LAPSyD,UPSID
36.0,38.0,bash1264,Sounds,LAPSyD,UPSID
38.0,34.0,selk1253,Sounds,LAPSyD,UPSID
31.0,31.0,mbaa1245,Sounds,LAPSyD,UPSID
22.0,22.0,amah1246,Sounds,LAPSyD,UPSID
28.0,28.0,toll1241,Sounds,LAPSyD,UPSID
29.0,29.0,yoru1245,Sounds,LAPSyD,UPSID
20.0,20.0,efik1245,Sounds,LAPSyD,UPSID
37.0,35.0,ahte1237,Sounds,LAPSyD,UPSID
36.0,33.0,tigr1270,Sounds,LAPSyD,UPSID
34.0,31.0,bell1243,Sounds,LAPSyD,UPSID
26.0,26.0,paiw1248,Sounds,LAPSyD,UPSID
41.0,40.0,ngiz1242,Sounds,LAPSyD,UPSID
44.0,41.0,nucl1649,Sounds,LAPSyD,UPSID
30.0,30.0,darf1239,Sounds,LAPSyD,UPSID
35.0,35.0,lahu1253,Sounds,LAPSyD,UPSID
22.0,22.0,tiru1241,Sounds,LAPSyD,UPSID
68.0,60.0,cent2144,Sounds,LAPSyD,UPSID
36.0,30.0,kirg1245,Sounds,LAPSyD,UPSID
17.0,17.0,nucl1632,Sounds,LAPSyD,UPSID
28.0,24.0,tuni1252,Sounds,LAPSyD,UPSID
18.0,18.0,yare1248,Sounds,LAPSyD,UPSID
33.0,36.0,sout2991,Sounds,LAPSyD,UPSID
23.0,21.0,tsou1248,Sounds,LAPSyD,UPSID
34.0,34.0,libe1247,Sounds,LAPSyD,UPSID
35.0,22.0,nara1262,Sounds,LAPSyD,UPSID
26.0,37.0,mund1320,Sounds,LAPSyD,UPSID
19.0,25.0,igna1246,Sounds,LAPSyD,UPSID
26.0,26.0,ando1256,Sounds,LAPSyD,UPSID
26.0,18.0,wikm1247,Sounds,LAPSyD,UPSID
25.0,27.0,ejag1239,Sounds,LAPSyD,UPSID
15.0,15.0,gads1258,Sounds,LAPSyD,UPSID
20.0,20.0,usan1239,Sounds,LAPSyD,UPSID
33.0,34.0,nucl1302,Sounds,LAPSyD,UPSID
21.0,18.0,nucl1633,Sounds,LAPSyD,UPSID
33.0,33.0,noon1243,Sounds,LAPSyD,UPSID
18.0,13.0,hawa1245,Sounds,LAPSyD,UPSID
25.0,24.0,lowe1415,Sounds,LAPSyD,UPSID
36.0,35.0,tosk1239,Sounds,LAPSyD,UPSID
11.0,11.0,pira1253,Sounds,LAPSyD,UPSID
37.0,33.0,brah1256,Sounds,LAPSyD,UPSID
24.0,21.0,kory1246,Sounds,LAPSyD,UPSID
40.0,36.0,sinh1246,Sounds,LAPSyD,UPSID
32.0,32.0,popt1235,Sounds,LAPSyD,UPSID
26.0,26.0,alaw1244,Sounds,LAPSyD,UPSID
27.0,28.0,vani1248,Sounds,LAPSyD,UPSID
41.0,45.0,eyak1241,Sounds,LAPSyD,UPSID
30.0,24.0,toho1245,Sounds,LAPSyD,UPSID
51.0,40.0,nama1264,Sounds,LAPSyD,UPSID
42.0,30.0,thai1261,Sounds,LAPSyD,UPSID
30.0,30.0,baat1238,Sounds,LAPSyD,UPSID
43.0,43.0,qaua1234,Sounds,LAPSyD,UPSID
36.0,25.0,tonk1249,Sounds,LAPSyD,UPSID
31.0,31.0,epen1239,Sounds,LAPSyD,UPSID
33.0,25.0,finn1318,Sounds,LAPSyD,UPSID
24.0,24.0,guam1248,Sounds,LAPSyD,UPSID
51.0,47.0,nava1243,Sounds,LAPSyD,UPSID
35.0,25.0,carn1240,Sounds,LAPSyD,UPSID
34.0,37.0,pwon1235,Sounds,LAPSyD,UPSID
30.0,27.0,aleu1260,Sounds,LAPSyD,UPSID
47.0,46.0,nucl1310,Sounds,LAPSyD,UPSID
23.0,23.0,nucl1620,Sounds,LAPSyD,UPSID
34.0,35.0,gily1242,Sounds,LAPSyD,UPSID
29.0,21.0,talo1250,Sounds,LAPSyD,UPSID
37.0,37.0,konk1267,Sounds,LAPSyD,UPSID
25.0,19.0,nucl1454,Sounds,LAPSyD,UPSID
26.0,28.0,tzel1254,Sounds,LAPSyD,UPSID
40.0,39.0,nepa1254,Sounds,LAPSyD,UPSID
31.0,32.0,sout2982,Sounds,LAPSyD,UPSID
18.0,22.0,copa1236,Sounds,LAPSyD,UPSID
20.0,22.0,gara1269,Sounds,LAPSyD,UPSID
49.0,42.0,yulu1243,Sounds,LAPSyD,UPSID
23.0,24.0,ngar1284,Sounds,LAPSyD,UPSID
29.0,22.0,papa1238,Sounds,LAPSyD,UPSID
36.0,33.0,nucl1301,Sounds,LAPSyD,UPSID
39.0,31.0,tach1250,Sounds,LAPSyD,UPSID
20.0,20.0,amel1241,Sounds,LAPSyD,UPSID
28.0,42.0,bulg1262,Sounds,LAPSyD,UPSID
20.0,21.0,yucu1253,Sounds,LAPSyD,UPSID
54.0,51.0,west2632,Sounds,LAPSyD,UPSID
38.0,38.0,mbum1254,Sounds,LAPSyD,UPSID
58.0,61.0,hind1269,Sounds,LAPSyD,UPSID
33.0,33.0,cayu1262,Sounds,LAPSyD,UPSID
32.0,31.0,kwom1262,Sounds,LAPSyD,UPSID
26.0,26.0,tiwi1244,Sounds,LAPSyD,UPSID
24.0,24.0,kala1377,Sounds,LAPSyD,UPSID
23.0,23.0,yaga1260,Sounds,LAPSyD,UPSID
22.0,20.0,boro1282,Sounds,LAPSyD,UPSID
31.0,31.0,kawa1283,Sounds,LAPSyD,UPSID
32.0,26.0,yane1238,Sounds,LAPSyD,UPSID
34.0,33.0,gaam1241,Sounds,LAPSyD,UPSID
34.0,34.0,ewon1239,Sounds,LAPSyD,UPSID
21.0,21.0,kwai1243,Sounds,LAPSyD,UPSID
31.0,30.0,nort2690,Sounds,LAPSyD,UPSID
43.0,25.0,sanm1295,Sounds,LAPSyD,UPSID
19.0,25.0,enap1235,Sounds,LAPSyD,UPSID
26.0,25.0,timn1235,Sounds,LAPSyD,UPSID
27.0,34.0,lele1264,Sounds,LAPSyD,UPSID
20.0,20.0,kuni1267,Sounds,LAPSyD,UPSID
21.0,26.0,wayu1243,Sounds,LAPSyD,UPSID
25.0,20.0,nucl1643,Sounds,LAPSyD,UPSID
23.0,23.0,dadi1250,Sounds,LAPSyD,UPSID
35.0,34.0,ocai1244,Sounds,LAPSyD,UPSID
33.0,28.0,kota1263,Sounds,LAPSyD,UPSID
35.0,35.0,dera1248,Sounds,LAPSyD,UPSID
29.0,29.0,mogh1245,Sounds,LAPSyD,UPSID
19.0,16.0,yidi1250,Sounds,LAPSyD,UPSID
21.0,18.0,wang1291,Sounds,LAPSyD,UPSID
32.0,26.0,nort2745,Sounds,LAPSyD,UPSID
29.0,25.0,amas1236,Sounds,LAPSyD,UPSID
37.0,36.0,khar1287,Sounds,LAPSyD,UPSID
16.0,16.0,kuku1273,Sounds,LAPSyD,UPSID
22.0,23.0,cube1242,Sounds,LAPSyD,UPSID
38.0,38.0,kohu1244,Sounds,LAPSyD,UPSID
20.0,17.0,dera1245,Sounds,LAPSyD,UPSID
27.0,17.0,chua1250,Sounds,LAPSyD,UPSID
30.0,25.0,zuni1245,Sounds,LAPSyD,UPSID
33.0,29.0,dagb1246,Sounds,LAPSyD,UPSID
22.0,23.0,jebe1250,Sounds,LAPSyD,UPSID
32.0,27.0,kafa1242,Sounds,LAPSyD,UPSID
22.0,22.0,wari1266,Sounds,LAPSyD,UPSID
41.0,37.0,klam1254,Sounds,LAPSyD,UPSID
37.0,28.0,hopi1249,Sounds,LAPSyD,UPSID
23.0,23.0,hixk1239,Sounds,LAPSyD,UPSID
26.0,29.0,ticu1245,Sounds,LAPSyD,UPSID
18.0,19.0,tetu1245,Sounds,LAPSyD,UPSID
19.0,19.0,mull1237,Sounds,LAPSyD,UPSID
32.0,28.0,chac1249,Sounds,LAPSyD,UPSID
51.0,52.0,lith1251,Sounds,LAPSyD,UPSID
27.0,21.0,lena1238,Sounds,LAPSyD,UPSID
21.0,21.0,sele1250,Sounds,LAPSyD,UPSID
20.0,20.0,maxa1247,Sounds,LAPSyD,UPSID
29.0,26.0,beja1238,Sounds,LAPSyD,UPSID
24.0,25.0,minn1241,Sounds,LAPSyD,UPSID
30.0,29.0,baka1277,Sounds,LAPSyD,UPSID
38.0,38.0,russ1263,Sounds,LAPSyD,UPSID
21.0,21.0,fasu1242,Sounds,LAPSyD,UPSID
15.0,15.0,ekar1243,Sounds,LAPSyD,UPSID
25.0,20.0,abip1241,Sounds,LAPSyD,UPSID
35.0,26.0,kuna1268,Sounds,LAPSyD,UPSID
60.0,43.0,sout2994,Sounds,LAPSyD,UPSID
54.0,48.0,tera1251,Sounds,LAPSyD,UPSID
36.0,30.0,yana1271,Sounds,LAPSyD,UPSID
29.0,19.0,sene1264,Sounds,LAPSyD,UPSID
21.0,21.0,bura1267,Sounds,LAPSyD,UPSID
26.0,32.0,khan1273,Sounds,LAPSyD,UPSID
32.0,24.0,nyis1236,Sounds,LAPSyD,UPSID
39.0,29.0,jola1263,Sounds,LAPSyD,UPSID
26.0,26.0,mode1248,Sounds,LAPSyD,UPSID
30.0,36.0,para1311,Sounds,LAPSyD,UPSID
26.0,26.0,mapu1245,Sounds,LAPSyD,UPSID
35.0,37.0,stan1290,Sounds,LAPSyD,UPSID
25.0,25.0,murr1258,Sounds,LAPSyD,UPSID
28.0,25.0,adze1240,Sounds,LAPSyD,UPSID
31.0,47.0,natu1246,Sounds,LAPSyD,UPSID
49.0,46.0,yuch1247,Sounds,LAPSyD,UPSID
20.0,22.0,chuk1273,Sounds,LAPSyD,UPSID
24.0,24.0,koya1251,Sounds,LAPSyD,UPSID
25.0,25.0,iton1250,Sounds,LAPSyD,UPSID
35.0,29.0,dawr1236,Sounds,LAPSyD,UPSID
27.0,21.0,shas1239,Sounds,LAPSyD,UPSID
31.0,31.0,luuu1242,Sounds,LAPSyD,UPSID
33.0,22.0,gali1262,Sounds,LAPSyD,UPSID
33.0,36.0,lugb1240,Sounds,LAPSyD,UPSID
28.0,23.0,taga1270,Sounds,LAPSyD,UPSID
28.0,28.0,teke1280,Sounds,LAPSyD,UPSID
36.0,30.0,fiji1243,Sounds,LAPSyD,UPSID
50.0,48.0,tlin1245,Sounds,LAPSyD,UPSID
31.0,30.0,kera1255,Sounds,LAPSyD,UPSID
43.0,42.0,kiow1266,Sounds,LAPSyD,UPSID
25.0,26.0,cham1312,Sounds,LAPSyD,UPSID
25.0,24.0,nana1257,Sounds,LAPSyD,UPSID
30.0,30.0,chuv1255,Sounds,LAPSyD,UPSID
31.0,28.0,tuuu1240,Sounds,LAPSyD,UPSID
21.0,21.0,wara1303,Sounds,LAPSyD,UPSID
28.0,24.0,trum1247,Sounds,LAPSyD,UPSID
39.0,40.0,nucl1347,Sounds,LAPSyD,UPSID
25.0,23.0,dhuw1249,Sounds,LAPSyD,UPSID
33.0,34.0,yaku1245,Sounds,LAPSyD,UPSID
25.0,25.0,stan1288,Sounds,LAPSyD,UPSID
32.0,32.0,sali1298,Sounds,LAPSyD,UPSID
30.0,27.0,ruka1240,Sounds,LAPSyD,UPSID
52.0,32.0,kuru1302,Sounds,LAPSyD,UPSID
27.0,22.0,cacu1241,Sounds,LAPSyD,UPSID
30.0,30.0,yuca1254,Sounds,LAPSyD,UPSID
24.0,21.0,bata1289,Sounds,LAPSyD,UPSID
26.0,30.0,furr1244,Sounds,LAPSyD,UPSID
18.0,16.0,gras1249,Sounds,LAPSyD,UPSID
20.0,22.0,yaqu1251,Sounds,LAPSyD,UPSID
16.0,29.0,wich1260,Sounds,LAPSyD,UPSID
25.0,25.0,alam1246,Sounds,LAPSyD,UPSID
22.0,21.0,lusi1240,Sounds,LAPSyD,UPSID
34.0,26.0,luis1253,Sounds,LAPSyD,UPSID
31.0,26.0,huas1242,Sounds,LAPSyD,UPSID
35.0,35.0,resi1247,Sounds,LAPSyD,UPSID
24.0,21.0,want1252,Sounds,LAPSyD,UPSID
16.0,16.0,ainu1240,Sounds,LAPSyD,UPSID
14.0,14.0,waim1251,Sounds,LAPSyD,UPSID
29.0,21.0,nobi1240,Sounds,LAPSyD,UPSID
23.0,23.0,waim1255,Sounds,LAPSyD,UPSID
33.0,30.0,fuln1247,Sounds,LAPSyD,UPSID
34.0,34.0,kpan1246,Sounds,LAPSyD,UPSID
13.0,13.0,naas1242,Sounds,LAPSyD,UPSID
29.0,23.0,cadd1256,Sounds,LAPSyD,UPSID
18.0,17.0,iwam1256,Sounds,LAPSyD,UPSID
26.0,22.0,kala1399,Sounds,LAPSyD,UPSID
31.0,35.0,tehu1242,Sounds,LAPSyD,UPSID
30.0,30.0,sion1247,Sounds,LAPSyD,UPSID
22.0,22.0,maun1240,Sounds,LAPSyD,UPSID
29.0,29.0,ngan1291,Sounds,LAPSyD,UPSID
32.0,32.0,kore1280,Sounds,LAPSyD,UPSID
28.0,28.0,cams1241,Sounds,LAPSyD,UPSID
22.0,22.0,savo1255,Sounds,LAPSyD,UPSID
23.0,19.0,qawa1238,Sounds,LAPSyD,UPSID
19.0,21.0,anga1290,Sounds,LAPSyD,UPSID
11.0,11.0,roto1249,Sounds,LAPSyD,UPSID
17.0,17.0,tiga1245,Sounds,LAPSyD,UPSID
32.0,32.0,ngas1240,Consonants,LAPSyD,UPSID
27.0,43.0,nucl1417,Consonants,LAPSyD,UPSID
14.0,14.0,alab1237,Consonants,LAPSyD,UPSID
26.0,26.0,hung1274,Consonants,LAPSyD,UPSID
21.0,33.0,pure1242,Consonants,LAPSyD,UPSID
41.0,41.0,seda1262,Consonants,LAPSyD,UPSID
13.0,13.0,suen1241,Consonants,LAPSyD,UPSID
12.0,16.0,wara1290,Consonants,LAPSyD,UPSID
25.0,25.0,mand1415,Consonants,LAPSyD,UPSID
23.0,18.0,paco1243,Consonants,LAPSyD,UPSID
26.0,21.0,nung1283,Consonants,LAPSyD,UPSID
24.0,23.0,basq1248,Consonants,LAPSyD,UPSID
30.0,30.0,cofa1242,Consonants,LAPSyD,UPSID
35.0,35.0,bats1242,Consonants,LAPSyD,UPSID
29.0,29.0,beng1280,Consonants,LAPSyD,UPSID
32.0,30.0,amha1245,Consonants,LAPSyD,UPSID
28.0,28.0,hupa1239,Consonants,LAPSyD,UPSID
8.0,8.0,toar1246,Consonants,LAPSyD,UPSID
31.0,31.0,haus1257,Consonants,LAPSyD,UPSID
20.0,20.0,tuvi1240,Consonants,LAPSyD,UPSID
24.0,24.0,west2369,Consonants,LAPSyD,UPSID
26.0,20.0,mbab1239,Consonants,LAPSyD,UPSID
27.0,28.0,awng1244,Consonants,LAPSyD,UPSID
13.0,13.0,dyir1250,Consonants,LAPSyD,UPSID
27.0,27.0,ndut1239,Consonants,LAPSyD,UPSID
24.0,24.0,nort2697,Consonants,LAPSyD,UPSID
20.0,20.0,kalk1246,Consonants,LAPSyD,UPSID
29.0,17.0,achu1247,Consonants,LAPSyD,UPSID
22.0,22.0,bero1242,Consonants,LAPSyD,UPSID
35.0,45.0,iris1253,Consonants,LAPSyD,UPSID
11.0,11.0,yagu1244,Consonants,LAPSyD,UPSID
29.0,27.0,koho1244,Consonants,LAPSyD,UPSID
22.0,22.0,katc1249,Consonants,LAPSyD,UPSID
21.0,24.0,tulu1258,Consonants,LAPSyD,UPSID
20.0,18.0,nyan1313,Consonants,LAPSyD,UPSID
17.0,17.0,nort2952,Consonants,LAPSyD,UPSID
18.0,14.0,qaqe1238,Consonants,LAPSyD,UPSID
21.0,14.0,aona1235,Consonants,LAPSyD,UPSID
18.0,17.0,wapi1253,Consonants,LAPSyD,UPSID
21.0,21.0,khas1269,Consonants,LAPSyD,UPSID
24.0,24.0,newa1246,Consonants,LAPSyD,UPSID
44.0,27.0,kash1277,Consonants,LAPSyD,UPSID
22.0,23.0,nucl1240,Consonants,LAPSyD,UPSID
16.0,13.0,apin1244,Consonants,LAPSyD,UPSID
30.0,25.0,nezp1238,Consonants,LAPSyD,UPSID
22.0,21.0,kekc1242,Consonants,LAPSyD,UPSID
42.0,42.0,kwak1269,Consonants,LAPSyD,UPSID
17.0,17.0,west2600,Consonants,LAPSyD,UPSID
21.0,21.0,iran1263,Consonants,LAPSyD,UPSID
29.0,30.0,nucl1235,Consonants,LAPSyD,UPSID
16.0,16.0,nort2957,Consonants,LAPSyD,UPSID
26.0,19.0,zand1248,Consonants,LAPSyD,UPSID
27.0,22.0,maba1277,Consonants,LAPSyD,UPSID
15.0,15.0,sout2985,Consonants,LAPSyD,UPSID
11.0,11.0,arab1268,Consonants,LAPSyD,UPSID
17.0,16.0,yess1239,Consonants,LAPSyD,UPSID
22.0,24.0,ogbi1239,Consonants,LAPSyD,UPSID
35.0,21.0,halh1238,Consonants,LAPSyD,UPSID
22.0,23.0,cent2050,Consonants,LAPSyD,UPSID
29.0,29.0,yany1243,Consonants,LAPSyD,UPSID
37.0,36.0,iaai1238,Consonants,LAPSyD,UPSID
47.0,47.0,sand1273,Consonants,LAPSyD,UPSID
13.0,12.0,sout2949,Consonants,LAPSyD,UPSID
19.0,19.0,iban1264,Consonants,LAPSyD,UPSID
16.0,18.0,pech1241,Consonants,LAPSyD,UPSID
22.0,22.0,dier1241,Consonants,LAPSyD,UPSID
22.0,22.0,viet1252,Consonants,LAPSyD,UPSID
17.0,17.0,bard1255,Consonants,LAPSyD,UPSID
29.0,31.0,ikkk1242,Consonants,LAPSyD,UPSID
16.0,16.0,kama1365,Consonants,LAPSyD,UPSID
21.0,21.0,bamb1269,Consonants,LAPSyD,UPSID
36.0,29.0,paez1247,Consonants,LAPSyD,UPSID
12.0,11.0,ache1246,Consonants,LAPSyD,UPSID
26.0,25.0,aghe1239,Consonants,LAPSyD,UPSID
23.0,22.0,stan1295,Consonants,LAPSyD,UPSID
24.0,24.0,tamp1252,Consonants,LAPSyD,UPSID
16.0,16.0,karo1304,Consonants,LAPSyD,UPSID
19.0,18.0,movi1243,Consonants,LAPSyD,UPSID
27.0,27.0,egyp1253,Consonants,LAPSyD,UPSID
19.0,19.0,nung1290,Consonants,LAPSyD,UPSID
27.0,26.0,sang1328,Consonants,LAPSyD,UPSID
16.0,18.0,brib1243,Consonants,LAPSyD,UPSID
28.0,28.0,isok1239,Consonants,LAPSyD,UPSID
25.0,28.0,lako1247,Consonants,LAPSyD,UPSID
22.0,22.0,muin1242,Consonants,LAPSyD,UPSID
33.0,16.0,west2644,Consonants,LAPSyD,UPSID
12.0,12.0,japr1238,Consonants,LAPSyD,UPSID
27.0,27.0,bash1264,Consonants,LAPSyD,UPSID
16.0,18.0,selk1253,Consonants,LAPSyD,UPSID
24.0,24.0,mbaa1245,Consonants,LAPSyD,UPSID
14.0,14.0,amah1246,Consonants,LAPSyD,UPSID
22.0,22.0,toll1241,Consonants,LAPSyD,UPSID
18.0,18.0,yoru1245,Consonants,LAPSyD,UPSID
13.0,13.0,efik1245,Consonants,LAPSyD,UPSID
27.0,30.0,ahte1237,Consonants,LAPSyD,UPSID
29.0,26.0,tigr1270,Consonants,LAPSyD,UPSID
28.0,28.0,bell1243,Consonants,LAPSyD,UPSID
22.0,22.0,paiw1248,Consonants,LAPSyD,UPSID
34.0,34.0,ngiz1242,Consonants,LAPSyD,UPSID
38.0,38.0,nucl1649,Consonants,LAPSyD,UPSID
24.0,24.0,darf1239,Consonants,LAPSyD,UPSID
26.0,26.0,lahu1253,Consonants,LAPSyD,UPSID
16.0,16.0,tiru1241,Consonants,LAPSyD,UPSID
53.0,45.0,cent2144,Consonants,LAPSyD,UPSID
22.0,22.0,kirg1245,Consonants,LAPSyD,UPSID
10.0,10.0,nucl1632,Consonants,LAPSyD,UPSID
21.0,17.0,tuni1252,Consonants,LAPSyD,UPSID
13.0,13.0,yare1248,Consonants,LAPSyD,UPSID
28.0,31.0,sout2991,Consonants,LAPSyD,UPSID
17.0,15.0,tsou1248,Consonants,LAPSyD,UPSID
22.0,22.0,libe1247,Consonants,LAPSyD,UPSID
25.0,17.0,nara1262,Consonants,LAPSyD,UPSID
21.0,32.0,mund1320,Consonants,LAPSyD,UPSID
15.0,21.0,igna1246,Consonants,LAPSyD,UPSID
11.0,11.0,ando1256,Consonants,LAPSyD,UPSID
16.0,13.0,wikm1247,Consonants,LAPSyD,UPSID
18.0,20.0,ejag1239,Consonants,LAPSyD,UPSID
9.0,9.0,gads1258,Consonants,LAPSyD,UPSID
14.0,14.0,usan1239,Consonants,LAPSyD,UPSID
28.0,28.0,nucl1302,Consonants,LAPSyD,UPSID
14.0,12.0,nucl1633,Consonants,LAPSyD,UPSID
19.0,19.0,noon1243,Consonants,LAPSyD,UPSID
8.0,8.0,hawa1245,Consonants,LAPSyD,UPSID
13.0,12.0,lowe1415,Consonants,LAPSyD,UPSID
29.0,28.0,tosk1239,Consonants,LAPSyD,UPSID
8.0,8.0,pira1253,Consonants,LAPSyD,UPSID
27.0,24.0,brah1256,Consonants,LAPSyD,UPSID
18.0,16.0,kory1246,Consonants,LAPSyD,UPSID
27.0,22.0,sinh1246,Consonants,LAPSyD,UPSID
27.0,27.0,popt1235,Consonants,LAPSyD,UPSID
22.0,22.0,alaw1244,Consonants,LAPSyD,UPSID
12.0,12.0,vani1248,Consonants,LAPSyD,UPSID
31.0,32.0,eyak1241,Consonants,LAPSyD,UPSID
20.0,19.0,toho1245,Consonants,LAPSyD,UPSID
32.0,31.0,nama1264,Consonants,LAPSyD,UPSID
21.0,21.0,thai1261,Consonants,LAPSyD,UPSID
18.0,18.0,baat1238,Consonants,LAPSyD,UPSID
31.0,31.0,qaua1234,Consonants,LAPSyD,UPSID
26.0,15.0,tonk1249,Consonants,LAPSyD,UPSID
17.0,17.0,epen1239,Consonants,LAPSyD,UPSID
17.0,17.0,finn1318,Consonants,LAPSyD,UPSID
19.0,18.0,guam1248,Consonants,LAPSyD,UPSID
35.0,31.0,nava1243,Consonants,LAPSyD,UPSID
17.0,16.0,carn1240,Consonants,LAPSyD,UPSID
25.0,25.0,pwon1235,Consonants,LAPSyD,UPSID
24.0,24.0,aleu1260,Consonants,LAPSyD,UPSID
34.0,33.0,nucl1310,Consonants,LAPSyD,UPSID
17.0,17.0,nucl1620,Consonants,LAPSyD,UPSID
28.0,28.0,gily1242,Consonants,LAPSyD,UPSID
15.0,14.0,talo1250,Consonants,LAPSyD,UPSID
19.0,19.0,konk1267,Consonants,LAPSyD,UPSID
14.0,14.0,nucl1454,Consonants,LAPSyD,UPSID
21.0,22.0,tzel1254,Consonants,LAPSyD,UPSID
29.0,27.0,nepa1254,Consonants,LAPSyD,UPSID
26.0,27.0,sout2982,Consonants,LAPSyD,UPSID
12.0,16.0,copa1236,Consonants,LAPSyD,UPSID
17.0,19.0,gara1269,Consonants,LAPSyD,UPSID
35.0,35.0,yulu1243,Consonants,LAPSyD,UPSID
17.0,18.0,ngar1284,Consonants,LAPSyD,UPSID
17.0,16.0,papa1238,Consonants,LAPSyD,UPSID
24.0,25.0,nucl1301,Consonants,LAPSyD,UPSID
36.0,28.0,tach1250,Consonants,LAPSyD,UPSID
15.0,15.0,amel1241,Consonants,LAPSyD,UPSID
22.0,36.0,bulg1262,Consonants,LAPSyD,UPSID
15.0,16.0,yucu1253,Consonants,LAPSyD,UPSID
39.0,39.0,west2632,Consonants,LAPSyD,UPSID
30.0,30.0,mbum1254,Consonants,LAPSyD,UPSID
38.0,40.0,hind1269,Consonants,LAPSyD,UPSID
17.0,17.0,cayu1262,Consonants,LAPSyD,UPSID
24.0,24.0,kwom1262,Consonants,LAPSyD,UPSID
22.0,22.0,tiwi1244,Consonants,LAPSyD,UPSID
18.0,18.0,kala1377,Consonants,LAPSyD,UPSID
14.0,14.0,yaga1260,Consonants,LAPSyD,UPSID
15.0,13.0,boro1282,Consonants,LAPSyD,UPSID
25.0,25.0,kawa1283,Consonants,LAPSyD,UPSID
23.0,23.0,yane1238,Consonants,LAPSyD,UPSID
22.0,24.0,gaam1241,Consonants,LAPSyD,UPSID
26.0,26.0,ewon1239,Consonants,LAPSyD,UPSID
16.0,16.0,kwai1243,Consonants,LAPSyD,UPSID
25.0,24.0,nort2690,Consonants,LAPSyD,UPSID
19.0,15.0,sanm1295,Consonants,LAPSyD,UPSID
12.0,12.0,enap1235,Consonants,LAPSyD,UPSID
17.0,17.0,timn1235,Consonants,LAPSyD,UPSID
20.0,22.0,lele1264,Consonants,LAPSyD,UPSID
15.0,15.0,kuni1267,Consonants,LAPSyD,UPSID
15.0,14.0,wayu1243,Consonants,LAPSyD,UPSID
15.0,15.0,nucl1643,Consonants,LAPSyD,UPSID
13.0,13.0,dadi1250,Consonants,LAPSyD,UPSID
26.0,25.0,ocai1244,Consonants,LAPSyD,UPSID
23.0,23.0,kota1263,Consonants,LAPSyD,UPSID
24.0,24.0,dera1248,Consonants,LAPSyD,UPSID
24.0,24.0,mogh1245,Consonants,LAPSyD,UPSID
13.0,13.0,yidi1250,Consonants,LAPSyD,UPSID
15.0,15.0,wang1291,Consonants,LAPSyD,UPSID
20.0,20.0,nort2745,Consonants,LAPSyD,UPSID
19.0,18.0,amas1236,Consonants,LAPSyD,UPSID
32.0,31.0,khar1287,Consonants,LAPSyD,UPSID
13.0,13.0,kuku1273,Consonants,LAPSyD,UPSID
10.0,11.0,cube1242,Consonants,LAPSyD,UPSID
28.0,28.0,kohu1244,Consonants,LAPSyD,UPSID
15.0,11.0,dera1245,Consonants,LAPSyD,UPSID
17.0,12.0,chua1250,Consonants,LAPSyD,UPSID
20.0,20.0,zuni1245,Consonants,LAPSyD,UPSID
22.0,23.0,dagb1246,Consonants,LAPSyD,UPSID
18.0,19.0,jebe1250,Consonants,LAPSyD,UPSID
22.0,22.0,kafa1242,Consonants,LAPSyD,UPSID
13.0,13.0,wari1266,Consonants,LAPSyD,UPSID
33.0,33.0,klam1254,Consonants,LAPSyD,UPSID
31.0,22.0,hopi1249,Consonants,LAPSyD,UPSID
18.0,18.0,hixk1239,Consonants,LAPSyD,UPSID
16.0,18.0,ticu1245,Consonants,LAPSyD,UPSID
13.0,14.0,tetu1245,Consonants,LAPSyD,UPSID
14.0,14.0,mull1237,Consonants,LAPSyD,UPSID
24.0,24.0,chac1249,Consonants,LAPSyD,UPSID
39.0,36.0,lith1251,Consonants,LAPSyD,UPSID
21.0,15.0,lena1238,Consonants,LAPSyD,UPSID
15.0,15.0,sele1250,Consonants,LAPSyD,UPSID
10.0,10.0,maxa1247,Consonants,LAPSyD,UPSID
21.0,21.0,beja1238,Consonants,LAPSyD,UPSID
19.0,19.0,minn1241,Consonants,LAPSyD,UPSID
16.0,17.0,baka1277,Consonants,LAPSyD,UPSID
33.0,33.0,russ1263,Consonants,LAPSyD,UPSID
11.0,11.0,fasu1242,Consonants,LAPSyD,UPSID
10.0,10.0,ekar1243,Consonants,LAPSyD,UPSID
15.0,15.0,abip1241,Consonants,LAPSyD,UPSID
22.0,19.0,kuna1268,Consonants,LAPSyD,UPSID
34.0,25.0,sout2994,Consonants,LAPSyD,UPSID
43.0,42.0,tera1251,Consonants,LAPSyD,UPSID
26.0,22.0,yana1271,Consonants,LAPSyD,UPSID
13.0,11.0,sene1264,Consonants,LAPSyD,UPSID
16.0,16.0,bura1267,Consonants,LAPSyD,UPSID
16.0,19.0,khan1273,Consonants,LAPSyD,UPSID
18.0,15.0,nyis1236,Consonants,LAPSyD,UPSID
19.0,19.0,jola1263,Consonants,LAPSyD,UPSID
21.0,21.0,mode1248,Consonants,LAPSyD,UPSID
18.0,24.0,para1311,Consonants,LAPSyD,UPSID
20.0,20.0,mapu1245,Consonants,LAPSyD,UPSID
21.0,21.0,stan1290,Consonants,LAPSyD,UPSID
21.0,21.0,murr1258,Consonants,LAPSyD,UPSID
23.0,18.0,adze1240,Consonants,LAPSyD,UPSID
15.0,30.0,natu1246,Consonants,LAPSyD,UPSID
38.0,38.0,yuch1247,Consonants,LAPSyD,UPSID
14.0,15.0,chuk1273,Consonants,LAPSyD,UPSID
19.0,19.0,koya1251,Consonants,LAPSyD,UPSID
19.0,19.0,iton1250,Consonants,LAPSyD,UPSID
25.0,24.0,dawr1236,Consonants,LAPSyD,UPSID
19.0,17.0,shas1239,Consonants,LAPSyD,UPSID
22.0,22.0,luuu1242,Consonants,LAPSyD,UPSID
15.0,16.0,gali1262,Consonants,LAPSyD,UPSID
26.0,26.0,lugb1240,Consonants,LAPSyD,UPSID
18.0,18.0,taga1270,Consonants,LAPSyD,UPSID
21.0,21.0,teke1280,Consonants,LAPSyD,UPSID
19.0,19.0,fiji1243,Consonants,LAPSyD,UPSID
42.0,43.0,tlin1245,Consonants,LAPSyD,UPSID
19.0,24.0,kera1255,Consonants,LAPSyD,UPSID
19.0,22.0,kiow1266,Consonants,LAPSyD,UPSID
19.0,20.0,cham1312,Consonants,LAPSyD,UPSID
19.0,18.0,nana1257,Consonants,LAPSyD,UPSID
21.0,21.0,chuv1255,Consonants,LAPSyD,UPSID
26.0,23.0,tuuu1240,Consonants,LAPSyD,UPSID
11.0,11.0,wara1303,Consonants,LAPSyD,UPSID
23.0,18.0,trum1247,Consonants,LAPSyD,UPSID
24.0,26.0,nucl1347,Consonants,LAPSyD,UPSID
20.0,20.0,dhuw1249,Consonants,LAPSyD,UPSID
17.0,22.0,yaku1245,Consonants,LAPSyD,UPSID
20.0,20.0,stan1288,Consonants,LAPSyD,UPSID
22.0,22.0,sali1298,Consonants,LAPSyD,UPSID
22.0,23.0,ruka1240,Consonants,LAPSyD,UPSID
31.0,21.0,kuru1302,Consonants,LAPSyD,UPSID
17.0,12.0,cacu1241,Consonants,LAPSyD,UPSID
20.0,20.0,yuca1254,Consonants,LAPSyD,UPSID
17.0,16.0,bata1289,Consonants,LAPSyD,UPSID
18.0,19.0,furr1244,Consonants,LAPSyD,UPSID
13.0,11.0,gras1249,Consonants,LAPSyD,UPSID
15.0,17.0,yaqu1251,Consonants,LAPSyD,UPSID
10.0,21.0,wich1260,Consonants,LAPSyD,UPSID
18.0,18.0,alam1246,Consonants,LAPSyD,UPSID
17.0,16.0,lusi1240,Consonants,LAPSyD,UPSID
24.0,21.0,luis1253,Consonants,LAPSyD,UPSID
21.0,21.0,huas1242,Consonants,LAPSyD,UPSID
30.0,30.0,resi1247,Consonants,LAPSyD,UPSID
17.0,14.0,want1252,Consonants,LAPSyD,UPSID
11.0,11.0,ainu1240,Consonants,LAPSyD,UPSID
9.0,9.0,waim1251,Consonants,LAPSyD,UPSID
19.0,16.0,nobi1240,Consonants,LAPSyD,UPSID
11.0,11.0,waim1255,Consonants,LAPSyD,UPSID
21.0,18.0,fuln1247,Consonants,LAPSyD,UPSID
24.0,24.0,kpan1246,Consonants,LAPSyD,UPSID
8.0,8.0,naas1242,Consonants,LAPSyD,UPSID
23.0,20.0,cadd1256,Consonants,LAPSyD,UPSID
11.0,11.0,iwam1256,Consonants,LAPSyD,UPSID
19.0,19.0,kala1399,Consonants,LAPSyD,UPSID
25.0,28.0,tehu1242,Consonants,LAPSyD,UPSID
18.0,18.0,sion1247,Consonants,LAPSyD,UPSID
17.0,17.0,maun1240,Consonants,LAPSyD,UPSID
20.0,20.0,ngan1291,Consonants,LAPSyD,UPSID
21.0,21.0,kore1280,Consonants,LAPSyD,UPSID
22.0,22.0,cams1241,Consonants,LAPSyD,UPSID
17.0,17.0,savo1255,Consonants,LAPSyD,UPSID
20.0,16.0,qawa1238,Consonants,LAPSyD,UPSID
12.0,12.0,anga1290,Consonants,LAPSyD,UPSID
6.0,6.0,roto1249,Consonants,LAPSyD,UPSID
12.0,12.0,tiga1245,Consonants,LAPSyD,UPSID
10.0,11.0,ngas1240,Vowels,LAPSyD,UPSID
8.0,16.0,nucl1417,Vowels,LAPSyD,UPSID
6.0,3.0,alab1237,Vowels,LAPSyD,UPSID
14.0,14.0,hung1274,Vowels,LAPSyD,UPSID
6.0,6.0,pure1242,Vowels,LAPSyD,UPSID
47.0,14.0,seda1262,Vowels,LAPSyD,UPSID
5.0,5.0,suen1241,Vowels,LAPSyD,UPSID
5.0,5.0,wara1290,Vowels,LAPSyD,UPSID
10.0,7.0,mand1415,Vowels,LAPSyD,UPSID
30.0,15.0,paco1243,Vowels,LAPSyD,UPSID
15.0,11.0,nung1283,Vowels,LAPSyD,UPSID
5.0,5.0,basq1248,Vowels,LAPSyD,UPSID
10.0,5.0,cofa1242,Vowels,LAPSyD,UPSID
11.0,10.0,bats1242,Vowels,LAPSyD,UPSID
14.0,14.0,beng1280,Vowels,LAPSyD,UPSID
7.0,7.0,amha1245,Vowels,LAPSyD,UPSID
6.0,7.0,hupa1239,Vowels,LAPSyD,UPSID
6.0,6.0,toar1246,Vowels,LAPSyD,UPSID
12.0,7.0,haus1257,Vowels,LAPSyD,UPSID
24.0,9.0,tuvi1240,Vowels,LAPSyD,UPSID
6.0,6.0,west2369,Vowels,LAPSyD,UPSID
12.0,4.0,mbab1239,Vowels,LAPSyD,UPSID
6.0,7.0,awng1244,Vowels,LAPSyD,UPSID
3.0,3.0,dyir1250,Vowels,LAPSyD,UPSID
16.0,7.0,ndut1239,Vowels,LAPSyD,UPSID
9.0,9.0,nort2697,Vowels,LAPSyD,UPSID
3.0,3.0,kalk1246,Vowels,LAPSyD,UPSID
10.0,6.0,achu1247,Vowels,LAPSyD,UPSID
12.0,7.0,bero1242,Vowels,LAPSyD,UPSID
14.0,24.0,iris1253,Vowels,LAPSyD,UPSID
16.0,12.0,yagu1244,Vowels,LAPSyD,UPSID
10.0,10.0,koho1244,Vowels,LAPSyD,UPSID
14.0,5.0,katc1249,Vowels,LAPSyD,UPSID
13.0,13.0,tulu1258,Vowels,LAPSyD,UPSID
9.0,7.0,nyan1313,Vowels,LAPSyD,UPSID
6.0,6.0,nort2952,Vowels,LAPSyD,UPSID
13.0,8.0,qaqe1238,Vowels,LAPSyD,UPSID
6.0,6.0,aona1235,Vowels,LAPSyD,UPSID
8.0,8.0,wapi1253,Vowels,LAPSyD,UPSID
11.0,8.0,khas1269,Vowels,LAPSyD,UPSID
8.0,8.0,newa1246,Vowels,LAPSyD,UPSID
28.0,28.0,kash1277,Vowels,LAPSyD,UPSID
12.0,11.0,nucl1240,Vowels,LAPSyD,UPSID
17.0,17.0,apin1244,Vowels,LAPSyD,UPSID
10.0,5.0,nezp1238,Vowels,LAPSyD,UPSID
10.0,5.0,kekc1242,Vowels,LAPSyD,UPSID
7.0,6.0,kwak1269,Vowels,LAPSyD,UPSID
6.0,6.0,west2600,Vowels,LAPSyD,UPSID
30.0,18.0,iran1263,Vowels,LAPSyD,UPSID
6.0,6.0,nucl1235,Vowels,LAPSyD,UPSID
8.0,4.0,nort2957,Vowels,LAPSyD,UPSID
16.0,16.0,zand1248,Vowels,LAPSyD,UPSID
10.0,7.0,maba1277,Vowels,LAPSyD,UPSID
12.0,6.0,sout2985,Vowels,LAPSyD,UPSID
7.0,7.0,arab1268,Vowels,LAPSyD,UPSID
5.0,4.0,yess1239,Vowels,LAPSyD,UPSID
20.0,10.0,ogbi1239,Vowels,LAPSyD,UPSID
17.0,12.0,halh1238,Vowels,LAPSyD,UPSID
7.0,6.0,cent2050,Vowels,LAPSyD,UPSID
3.0,3.0,yany1243,Vowels,LAPSyD,UPSID
17.0,16.0,iaai1238,Vowels,LAPSyD,UPSID
15.0,7.0,sand1273,Vowels,LAPSyD,UPSID
8.0,7.0,sout2949,Vowels,LAPSyD,UPSID
6.0,6.0,iban1264,Vowels,LAPSyD,UPSID
20.0,10.0,pech1241,Vowels,LAPSyD,UPSID
3.0,3.0,dier1241,Vowels,LAPSyD,UPSID
14.0,14.0,viet1252,Vowels,LAPSyD,UPSID
7.0,7.0,bard1255,Vowels,LAPSyD,UPSID
17.0,13.0,ikkk1242,Vowels,LAPSyD,UPSID
12.0,12.0,kama1365,Vowels,LAPSyD,UPSID
28.0,14.0,bamb1269,Vowels,LAPSyD,UPSID
16.0,8.0,paez1247,Vowels,LAPSyD,UPSID
12.0,10.0,ache1246,Vowels,LAPSyD,UPSID
10.0,10.0,aghe1239,Vowels,LAPSyD,UPSID
19.0,19.0,stan1295,Vowels,LAPSyD,UPSID
18.0,9.0,tamp1252,Vowels,LAPSyD,UPSID
8.0,11.0,karo1304,Vowels,LAPSyD,UPSID
10.0,5.0,movi1243,Vowels,LAPSyD,UPSID
8.0,8.0,egyp1253,Vowels,LAPSyD,UPSID
6.0,4.0,nung1290,Vowels,LAPSyD,UPSID
12.0,11.0,sang1328,Vowels,LAPSyD,UPSID
12.0,9.0,brib1243,Vowels,LAPSyD,UPSID
9.0,9.0,isok1239,Vowels,LAPSyD,UPSID
8.0,8.0,lako1247,Vowels,LAPSyD,UPSID
6.0,6.0,muin1242,Vowels,LAPSyD,UPSID
9.0,9.0,west2644,Vowels,LAPSyD,UPSID
12.0,12.0,japr1238,Vowels,LAPSyD,UPSID
9.0,11.0,bash1264,Vowels,LAPSyD,UPSID
22.0,16.0,selk1253,Vowels,LAPSyD,UPSID
7.0,7.0,mbaa1245,Vowels,LAPSyD,UPSID
8.0,8.0,amah1246,Vowels,LAPSyD,UPSID
6.0,6.0,toll1241,Vowels,LAPSyD,UPSID
11.0,11.0,yoru1245,Vowels,LAPSyD,UPSID
7.0,7.0,efik1245,Vowels,LAPSyD,UPSID
10.0,5.0,ahte1237,Vowels,LAPSyD,UPSID
7.0,7.0,tigr1270,Vowels,LAPSyD,UPSID
6.0,3.0,bell1243,Vowels,LAPSyD,UPSID
4.0,4.0,paiw1248,Vowels,LAPSyD,UPSID
7.0,6.0,ngiz1242,Vowels,LAPSyD,UPSID
6.0,3.0,nucl1649,Vowels,LAPSyD,UPSID
6.0,6.0,darf1239,Vowels,LAPSyD,UPSID
9.0,9.0,lahu1253,Vowels,LAPSyD,UPSID
6.0,6.0,tiru1241,Vowels,LAPSyD,UPSID
15.0,15.0,cent2144,Vowels,LAPSyD,UPSID
14.0,8.0,kirg1245,Vowels,LAPSyD,UPSID
7.0,7.0,nucl1632,Vowels,LAPSyD,UPSID
7.0,7.0,tuni1252,Vowels,LAPSyD,UPSID
5.0,5.0,yare1248,Vowels,LAPSyD,UPSID
5.0,5.0,sout2991,Vowels,LAPSyD,UPSID
6.0,6.0,tsou1248,Vowels,LAPSyD,UPSID
12.0,12.0,libe1247,Vowels,LAPSyD,UPSID
10.0,5.0,nara1262,Vowels,LAPSyD,UPSID
5.0,5.0,mund1320,Vowels,LAPSyD,UPSID
4.0,4.0,igna1246,Vowels,LAPSyD,UPSID
15.0,15.0,ando1256,Vowels,LAPSyD,UPSID
10.0,5.0,wikm1247,Vowels,LAPSyD,UPSID
7.0,7.0,ejag1239,Vowels,LAPSyD,UPSID
6.0,6.0,gads1258,Vowels,LAPSyD,UPSID
6.0,6.0,usan1239,Vowels,LAPSyD,UPSID
5.0,6.0,nucl1302,Vowels,LAPSyD,UPSID
7.0,6.0,nucl1633,Vowels,LAPSyD,UPSID
14.0,14.0,noon1243,Vowels,LAPSyD,UPSID
10.0,5.0,hawa1245,Vowels,LAPSyD,UPSID
12.0,12.0,lowe1415,Vowels,LAPSyD,UPSID
7.0,7.0,tosk1239,Vowels,LAPSyD,UPSID
3.0,3.0,pira1253,Vowels,LAPSyD,UPSID
10.0,9.0,brah1256,Vowels,LAPSyD,UPSID
6.0,5.0,kory1246,Vowels,LAPSyD,UPSID
13.0,14.0,sinh1246,Vowels,LAPSyD,UPSID
5.0,5.0,popt1235,Vowels,LAPSyD,UPSID
4.0,4.0,alaw1244,Vowels,LAPSyD,UPSID
15.0,16.0,vani1248,Vowels,LAPSyD,UPSID
10.0,13.0,eyak1241,Vowels,LAPSyD,UPSID
10.0,5.0,toho1245,Vowels,LAPSyD,UPSID
19.0,9.0,nama1264,Vowels,LAPSyD,UPSID
21.0,9.0,thai1261,Vowels,LAPSyD,UPSID
12.0,12.0,baat1238,Vowels,LAPSyD,UPSID
12.0,12.0,qaua1234,Vowels,LAPSyD,UPSID
10.0,10.0,tonk1249,Vowels,LAPSyD,UPSID
14.0,14.0,epen1239,Vowels,LAPSyD,UPSID
16.0,8.0,finn1318,Vowels,LAPSyD,UPSID
5.0,6.0,guam1248,Vowels,LAPSyD,UPSID
16.0,16.0,nava1243,Vowels,LAPSyD,UPSID
18.0,9.0,carn1240,Vowels,LAPSyD,UPSID
9.0,12.0,pwon1235,Vowels,LAPSyD,UPSID
6.0,3.0,aleu1260,Vowels,LAPSyD,UPSID
13.0,13.0,nucl1310,Vowels,LAPSyD,UPSID
6.0,6.0,nucl1620,Vowels,LAPSyD,UPSID
6.0,7.0,gily1242,Vowels,LAPSyD,UPSID
14.0,7.0,talo1250,Vowels,LAPSyD,UPSID
18.0,18.0,konk1267,Vowels,LAPSyD,UPSID
11.0,5.0,nucl1454,Vowels,LAPSyD,UPSID
5.0,6.0,tzel1254,Vowels,LAPSyD,UPSID
11.0,12.0,nepa1254,Vowels,LAPSyD,UPSID
5.0,5.0,sout2982,Vowels,LAPSyD,UPSID
6.0,6.0,copa1236,Vowels,LAPSyD,UPSID
3.0,3.0,gara1269,Vowels,LAPSyD,UPSID
14.0,7.0,yulu1243,Vowels,LAPSyD,UPSID
6.0,6.0,ngar1284,Vowels,LAPSyD,UPSID
12.0,6.0,papa1238,Vowels,LAPSyD,UPSID
12.0,8.0,nucl1301,Vowels,LAPSyD,UPSID
3.0,3.0,tach1250,Vowels,LAPSyD,UPSID
5.0,5.0,amel1241,Vowels,LAPSyD,UPSID
6.0,6.0,bulg1262,Vowels,LAPSyD,UPSID
5.0,5.0,yucu1253,Vowels,LAPSyD,UPSID
15.0,12.0,west2632,Vowels,LAPSyD,UPSID
8.0,8.0,mbum1254,Vowels,LAPSyD,UPSID
20.0,21.0,hind1269,Vowels,LAPSyD,UPSID
16.0,16.0,cayu1262,Vowels,LAPSyD,UPSID
8.0,7.0,kwom1262,Vowels,LAPSyD,UPSID
4.0,4.0,tiwi1244,Vowels,LAPSyD,UPSID
6.0,6.0,kala1377,Vowels,LAPSyD,UPSID
9.0,9.0,yaga1260,Vowels,LAPSyD,UPSID
7.0,7.0,boro1282,Vowels,LAPSyD,UPSID
6.0,6.0,kawa1283,Vowels,LAPSyD,UPSID
9.0,3.0,yane1238,Vowels,LAPSyD,UPSID
12.0,9.0,gaam1241,Vowels,LAPSyD,UPSID
8.0,8.0,ewon1239,Vowels,LAPSyD,UPSID
5.0,5.0,kwai1243,Vowels,LAPSyD,UPSID
6.0,6.0,nort2690,Vowels,LAPSyD,UPSID
24.0,10.0,sanm1295,Vowels,LAPSyD,UPSID
7.0,13.0,enap1235,Vowels,LAPSyD,UPSID
9.0,8.0,timn1235,Vowels,LAPSyD,UPSID
7.0,12.0,lele1264,Vowels,LAPSyD,UPSID
5.0,5.0,kuni1267,Vowels,LAPSyD,UPSID
6.0,12.0,wayu1243,Vowels,LAPSyD,UPSID
10.0,5.0,nucl1643,Vowels,LAPSyD,UPSID
10.0,10.0,dadi1250,Vowels,LAPSyD,UPSID
9.0,9.0,ocai1244,Vowels,LAPSyD,UPSID
10.0,5.0,kota1263,Vowels,LAPSyD,UPSID
11.0,11.0,dera1248,Vowels,LAPSyD,UPSID
5.0,5.0,mogh1245,Vowels,LAPSyD,UPSID
6.0,3.0,yidi1250,Vowels,LAPSyD,UPSID
6.0,3.0,wang1291,Vowels,LAPSyD,UPSID
12.0,6.0,nort2745,Vowels,LAPSyD,UPSID
10.0,7.0,amas1236,Vowels,LAPSyD,UPSID
5.0,5.0,khar1287,Vowels,LAPSyD,UPSID
3.0,3.0,kuku1273,Vowels,LAPSyD,UPSID
12.0,12.0,cube1242,Vowels,LAPSyD,UPSID
10.0,10.0,kohu1244,Vowels,LAPSyD,UPSID
5.0,6.0,dera1245,Vowels,LAPSyD,UPSID
10.0,5.0,chua1250,Vowels,LAPSyD,UPSID
10.0,5.0,zuni1245,Vowels,LAPSyD,UPSID
11.0,6.0,dagb1246,Vowels,LAPSyD,UPSID
4.0,4.0,jebe1250,Vowels,LAPSyD,UPSID
10.0,5.0,kafa1242,Vowels,LAPSyD,UPSID
9.0,9.0,wari1266,Vowels,LAPSyD,UPSID
8.0,4.0,klam1254,Vowels,LAPSyD,UPSID
6.0,6.0,hopi1249,Vowels,LAPSyD,UPSID
5.0,5.0,hixk1239,Vowels,LAPSyD,UPSID
10.0,11.0,ticu1245,Vowels,LAPSyD,UPSID
5.0,5.0,tetu1245,Vowels,LAPSyD,UPSID
5.0,5.0,mull1237,Vowels,LAPSyD,UPSID
8.0,4.0,chac1249,Vowels,LAPSyD,UPSID
12.0,16.0,lith1251,Vowels,LAPSyD,UPSID
6.0,6.0,lena1238,Vowels,LAPSyD,UPSID
6.0,6.0,sele1250,Vowels,LAPSyD,UPSID
10.0,10.0,maxa1247,Vowels,LAPSyD,UPSID
8.0,5.0,beja1238,Vowels,LAPSyD,UPSID
5.0,6.0,minn1241,Vowels,LAPSyD,UPSID
14.0,12.0,baka1277,Vowels,LAPSyD,UPSID
5.0,5.0,russ1263,Vowels,LAPSyD,UPSID
10.0,10.0,fasu1242,Vowels,LAPSyD,UPSID
5.0,5.0,ekar1243,Vowels,LAPSyD,UPSID
10.0,5.0,abip1241,Vowels,LAPSyD,UPSID
13.0,7.0,kuna1268,Vowels,LAPSyD,UPSID
26.0,18.0,sout2994,Vowels,LAPSyD,UPSID
11.0,6.0,tera1251,Vowels,LAPSyD,UPSID
10.0,8.0,yana1271,Vowels,LAPSyD,UPSID
16.0,8.0,sene1264,Vowels,LAPSyD,UPSID
5.0,5.0,bura1267,Vowels,LAPSyD,UPSID
10.0,13.0,khan1273,Vowels,LAPSyD,UPSID
14.0,9.0,nyis1236,Vowels,LAPSyD,UPSID
20.0,10.0,jola1263,Vowels,LAPSyD,UPSID
5.0,5.0,mode1248,Vowels,LAPSyD,UPSID
12.0,12.0,para1311,Vowels,LAPSyD,UPSID
6.0,6.0,mapu1245,Vowels,LAPSyD,UPSID
14.0,16.0,stan1290,Vowels,LAPSyD,UPSID
4.0,4.0,murr1258,Vowels,LAPSyD,UPSID
5.0,7.0,adze1240,Vowels,LAPSyD,UPSID
16.0,17.0,natu1246,Vowels,LAPSyD,UPSID
11.0,8.0,yuch1247,Vowels,LAPSyD,UPSID
6.0,7.0,chuk1273,Vowels,LAPSyD,UPSID
5.0,5.0,koya1251,Vowels,LAPSyD,UPSID
6.0,6.0,iton1250,Vowels,LAPSyD,UPSID
10.0,5.0,dawr1236,Vowels,LAPSyD,UPSID
8.0,4.0,shas1239,Vowels,LAPSyD,UPSID
9.0,9.0,luuu1242,Vowels,LAPSyD,UPSID
18.0,6.0,gali1262,Vowels,LAPSyD,UPSID
7.0,10.0,lugb1240,Vowels,LAPSyD,UPSID
10.0,5.0,taga1270,Vowels,LAPSyD,UPSID
7.0,7.0,teke1280,Vowels,LAPSyD,UPSID
17.0,11.0,fiji1243,Vowels,LAPSyD,UPSID
8.0,5.0,tlin1245,Vowels,LAPSyD,UPSID
12.0,6.0,kera1255,Vowels,LAPSyD,UPSID
24.0,20.0,kiow1266,Vowels,LAPSyD,UPSID
6.0,6.0,cham1312,Vowels,LAPSyD,UPSID
6.0,6.0,nana1257,Vowels,LAPSyD,UPSID
9.0,9.0,chuv1255,Vowels,LAPSyD,UPSID
5.0,5.0,tuuu1240,Vowels,LAPSyD,UPSID
10.0,10.0,wara1303,Vowels,LAPSyD,UPSID
5.0,6.0,trum1247,Vowels,LAPSyD,UPSID
15.0,14.0,nucl1347,Vowels,LAPSyD,UPSID
5.0,3.0,dhuw1249,Vowels,LAPSyD,UPSID
16.0,12.0,yaku1245,Vowels,LAPSyD,UPSID
5.0,5.0,stan1288,Vowels,LAPSyD,UPSID
10.0,10.0,sali1298,Vowels,LAPSyD,UPSID
8.0,4.0,ruka1240,Vowels,LAPSyD,UPSID
21.0,11.0,kuru1302,Vowels,LAPSyD,UPSID
10.0,10.0,cacu1241,Vowels,LAPSyD,UPSID
10.0,10.0,yuca1254,Vowels,LAPSyD,UPSID
7.0,5.0,bata1289,Vowels,LAPSyD,UPSID
8.0,11.0,furr1244,Vowels,LAPSyD,UPSID
5.0,5.0,gras1249,Vowels,LAPSyD,UPSID
5.0,5.0,yaqu1251,Vowels,LAPSyD,UPSID
6.0,8.0,wich1260,Vowels,LAPSyD,UPSID
7.0,7.0,alam1246,Vowels,LAPSyD,UPSID
5.0,5.0,lusi1240,Vowels,LAPSyD,UPSID
10.0,5.0,luis1253,Vowels,LAPSyD,UPSID
10.0,5.0,huas1242,Vowels,LAPSyD,UPSID
5.0,5.0,resi1247,Vowels,LAPSyD,UPSID
7.0,7.0,want1252,Vowels,LAPSyD,UPSID
5.0,5.0,ainu1240,Vowels,LAPSyD,UPSID
5.0,5.0,waim1251,Vowels,LAPSyD,UPSID
10.0,5.0,nobi1240,Vowels,LAPSyD,UPSID
12.0,12.0,waim1255,Vowels,LAPSyD,UPSID
12.0,12.0,fuln1247,Vowels,LAPSyD,UPSID
10.0,10.0,kpan1246,Vowels,LAPSyD,UPSID
5.0,5.0,naas1242,Vowels,LAPSyD,UPSID
6.0,3.0,cadd1256,Vowels,LAPSyD,UPSID
7.0,6.0,iwam1256,Vowels,LAPSyD,UPSID
7.0,3.0,kala1399,Vowels,LAPSyD,UPSID
6.0,7.0,tehu1242,Vowels,LAPSyD,UPSID
12.0,12.0,sion1247,Vowels,LAPSyD,UPSID
5.0,5.0,maun1240,Vowels,LAPSyD,UPSID
9.0,9.0,ngan1291,Vowels,LAPSyD,UPSID
11.0,11.0,kore1280,Vowels,LAPSyD,UPSID
6.0,6.0,cams1241,Vowels,LAPSyD,UPSID
5.0,5.0,savo1255,Vowels,LAPSyD,UPSID
3.0,3.0,qawa1238,Vowels,LAPSyD,UPSID
7.0,9.0,anga1290,Vowels,LAPSyD,UPSID
5.0,5.0,roto1249,Vowels,LAPSyD,UPSID
5.0,5.0,tiga1245,Vowels,LAPSyD,UPSID
31.0,31.0,mani1292,Sounds,LAPSyD,PH
22.0,24.0,gunw1252,Sounds,LAPSyD,PH
44.0,37.0,tuvi1240,Sounds,LAPSyD,PH
18.0,14.0,kris1246,Sounds,LAPSyD,PH
35.0,35.0,swed1254,Sounds,LAPSyD,PH
25.0,24.0,sanu1240,Sounds,LAPSyD,PH
53.0,51.0,seme1247,Sounds,LAPSyD,PH
38.0,38.0,czec1258,Sounds,LAPSyD,PH
30.0,30.0,ital1282,Sounds,LAPSyD,PH
31.0,33.0,sout2750,Sounds,LAPSyD,PH
28.0,32.0,arhu1242,Sounds,LAPSyD,PH
26.0,21.0,koas1236,Sounds,LAPSyD,PH
16.0,16.0,maib1239,Sounds,LAPSyD,PH
33.0,23.0,nand1266,Sounds,LAPSyD,PH
46.0,48.0,ingu1240,Sounds,LAPSyD,PH
21.0,26.0,yine1238,Sounds,LAPSyD,PH
43.0,54.0,madi1260,Sounds,LAPSyD,PH
27.0,27.0,koko1269,Sounds,LAPSyD,PH
27.0,18.0,coma1245,Sounds,LAPSyD,PH
21.0,41.0,bilu1245,Sounds,LAPSyD,PH
30.0,39.0,stan1289,Sounds,LAPSyD,PH
25.0,25.0,seri1257,Sounds,LAPSyD,PH
22.0,23.0,imon1245,Sounds,LAPSyD,PH
32.0,35.0,tzut1248,Sounds,LAPSyD,PH
50.0,53.0,jica1244,Sounds,LAPSyD,PH
16.0,15.0,jama1261,Sounds,LAPSyD,PH
34.0,47.0,pwon1235,Sounds,LAPSyD,PH
38.0,38.0,lada1244,Sounds,LAPSyD,PH
37.0,37.0,mund1330,Sounds,LAPSyD,PH
21.0,20.0,wari1268,Sounds,LAPSyD,PH
36.0,33.0,tami1289,Sounds,LAPSyD,PH
66.0,54.0,sind1272,Sounds,LAPSyD,PH
26.0,18.0,tiwi1244,Sounds,LAPSyD,PH
26.0,25.0,colo1256,Sounds,LAPSyD,PH
37.0,47.0,khar1287,Sounds,LAPSyD,PH
34.0,40.0,apur1254,Sounds,LAPSyD,PH
51.0,61.0,jeme1245,Sounds,LAPSyD,PH
28.0,31.0,indo1316,Sounds,LAPSyD,PH
23.0,28.0,rama1270,Sounds,LAPSyD,PH
38.0,35.0,yuro1248,Sounds,LAPSyD,PH
29.0,29.0,cham1318,Sounds,LAPSyD,PH
26.0,31.0,khan1273,Sounds,LAPSyD,PH
21.0,21.0,awac1239,Sounds,LAPSyD,PH
36.0,45.0,kwaz1243,Sounds,LAPSyD,PH
34.0,39.0,dutc1256,Sounds,LAPSyD,PH
36.0,35.0,mada1293,Sounds,LAPSyD,PH
49.0,49.0,yuch1247,Sounds,LAPSyD,PH
42.0,41.0,samr1245,Sounds,LAPSyD,PH
43.0,31.0,tolo1259,Sounds,LAPSyD,PH
19.0,19.0,kuot1243,Sounds,LAPSyD,PH
29.0,37.0,slov1268,Sounds,LAPSyD,PH
24.0,24.0,cavi1250,Sounds,LAPSyD,PH
24.0,27.0,bata1289,Sounds,LAPSyD,PH
26.0,30.0,sora1254,Sounds,LAPSyD,PH
31.0,36.0,huas1242,Sounds,LAPSyD,PH
21.0,21.0,malo1243,Sounds,LAPSyD,PH
23.0,30.5,east2440,Sounds,LAPSyD,PH
27.0,29.0,tuka1248,Sounds,LAPSyD,PH
25.0,28.0,toba1269,Sounds,LAPSyD,PH
20.0,20.0,lavu1241,Sounds,LAPSyD,PH
25.0,25.0,mani1292,Consonants,LAPSyD,PH
17.0,19.0,gunw1252,Consonants,LAPSyD,PH
20.0,21.0,tuvi1240,Consonants,LAPSyD,PH
8.0,9.0,kris1246,Consonants,LAPSyD,PH
18.0,18.0,swed1254,Consonants,LAPSyD,PH
12.0,11.0,sanu1240,Consonants,LAPSyD,PH
33.0,33.0,seme1247,Consonants,LAPSyD,PH
25.0,25.0,czec1258,Consonants,LAPSyD,PH
23.0,23.0,ital1282,Consonants,LAPSyD,PH
19.0,21.0,sout2750,Consonants,LAPSyD,PH
18.0,16.0,arhu1242,Consonants,LAPSyD,PH
14.0,15.0,koas1236,Consonants,LAPSyD,PH
11.0,11.0,maib1239,Consonants,LAPSyD,PH
13.0,13.0,nand1266,Consonants,LAPSyD,PH
34.0,35.0,ingu1240,Consonants,LAPSyD,PH
16.0,16.0,yine1238,Consonants,LAPSyD,PH
34.0,45.0,madi1260,Consonants,LAPSyD,PH
22.0,22.0,koko1269,Consonants,LAPSyD,PH
14.0,12.0,coma1245,Consonants,LAPSyD,PH
16.0,16.0,bilu1245,Consonants,LAPSyD,PH
23.0,23.0,stan1289,Consonants,LAPSyD,PH
17.0,17.0,seri1257,Consonants,LAPSyD,PH
12.0,13.0,imon1245,Consonants,LAPSyD,PH
22.0,25.0,tzut1248,Consonants,LAPSyD,PH
32.0,34.0,jica1244,Consonants,LAPSyD,PH
12.0,11.0,jama1261,Consonants,LAPSyD,PH
25.0,23.0,pwon1235,Consonants,LAPSyD,PH
33.0,33.0,lada1244,Consonants,LAPSyD,PH
17.0,17.0,mund1330,Consonants,LAPSyD,PH
15.0,14.0,wari1268,Consonants,LAPSyD,PH
24.0,21.0,tami1289,Consonants,LAPSyD,PH
46.0,44.0,sind1272,Consonants,LAPSyD,PH
22.0,14.0,tiwi1244,Consonants,LAPSyD,PH
16.0,16.0,colo1256,Consonants,LAPSyD,PH
32.0,37.0,khar1287,Consonants,LAPSyD,PH
14.0,14.0,apur1254,Consonants,LAPSyD,PH
29.0,39.0,jeme1245,Consonants,LAPSyD,PH
22.0,22.0,indo1316,Consonants,LAPSyD,PH
17.0,19.0,rama1270,Consonants,LAPSyD,PH
29.0,23.0,yuro1248,Consonants,LAPSyD,PH
19.0,19.0,cham1318,Consonants,LAPSyD,PH
16.0,18.0,khan1273,Consonants,LAPSyD,PH
14.0,14.0,awac1239,Consonants,LAPSyD,PH
19.0,29.0,kwaz1243,Consonants,LAPSyD,PH
18.0,24.0,dutc1256,Consonants,LAPSyD,PH
32.0,22.0,mada1293,Consonants,LAPSyD,PH
38.0,38.0,yuch1247,Consonants,LAPSyD,PH
21.0,20.0,samr1245,Consonants,LAPSyD,PH
28.0,26.0,tolo1259,Consonants,LAPSyD,PH
13.0,13.0,kuot1243,Consonants,LAPSyD,PH
21.0,21.0,slov1268,Consonants,LAPSyD,PH
20.0,20.0,cavi1250,Consonants,LAPSyD,PH
17.0,18.0,bata1289,Consonants,LAPSyD,PH
17.0,19.0,sora1254,Consonants,LAPSyD,PH
21.0,26.0,huas1242,Consonants,LAPSyD,PH
16.0,16.0,malo1243,Consonants,LAPSyD,PH
18.0,25.5,east2440,Consonants,LAPSyD,PH
22.0,24.0,tuka1248,Consonants,LAPSyD,PH
17.0,21.0,toba1269,Consonants,LAPSyD,PH
15.0,15.0,lavu1241,Consonants,LAPSyD,PH
6.0,6.0,mani1292,Vowels,LAPSyD,PH
5.0,5.0,gunw1252,Vowels,LAPSyD,PH
24.0,16.0,tuvi1240,Vowels,LAPSyD,PH
10.0,5.0,kris1246,Vowels,LAPSyD,PH
17.0,17.0,swed1254,Vowels,LAPSyD,PH
13.0,13.0,sanu1240,Vowels,LAPSyD,PH
20.0,18.0,seme1247,Vowels,LAPSyD,PH
13.0,13.0,czec1258,Vowels,LAPSyD,PH
7.0,7.0,ital1282,Vowels,LAPSyD,PH
12.0,12.0,sout2750,Vowels,LAPSyD,PH
10.0,16.0,arhu1242,Vowels,LAPSyD,PH
12.0,6.0,koas1236,Vowels,LAPSyD,PH
5.0,5.0,maib1239,Vowels,LAPSyD,PH
20.0,10.0,nand1266,Vowels,LAPSyD,PH
12.0,13.0,ingu1240,Vowels,LAPSyD,PH
5.0,10.0,yine1238,Vowels,LAPSyD,PH
9.0,9.0,madi1260,Vowels,LAPSyD,PH
5.0,5.0,koko1269,Vowels,LAPSyD,PH
13.0,6.0,coma1245,Vowels,LAPSyD,PH
5.0,25.0,bilu1245,Vowels,LAPSyD,PH
7.0,16.0,stan1289,Vowels,LAPSyD,PH
8.0,8.0,seri1257,Vowels,LAPSyD,PH
10.0,10.0,imon1245,Vowels,LAPSyD,PH
10.0,10.0,tzut1248,Vowels,LAPSyD,PH
18.0,19.0,jica1244,Vowels,LAPSyD,PH
4.0,4.0,jama1261,Vowels,LAPSyD,PH
9.0,24.0,pwon1235,Vowels,LAPSyD,PH
5.0,5.0,lada1244,Vowels,LAPSyD,PH
20.0,20.0,mund1330,Vowels,LAPSyD,PH
6.0,6.0,wari1268,Vowels,LAPSyD,PH
12.0,12.0,tami1289,Vowels,LAPSyD,PH
20.0,10.0,sind1272,Vowels,LAPSyD,PH
4.0,4.0,tiwi1244,Vowels,LAPSyD,PH
10.0,9.0,colo1256,Vowels,LAPSyD,PH
5.0,10.0,khar1287,Vowels,LAPSyD,PH
20.0,26.0,apur1254,Vowels,LAPSyD,PH
22.0,22.0,jeme1245,Vowels,LAPSyD,PH
6.0,9.0,indo1316,Vowels,LAPSyD,PH
6.0,9.0,rama1270,Vowels,LAPSyD,PH
9.0,12.0,yuro1248,Vowels,LAPSyD,PH
10.0,10.0,cham1318,Vowels,LAPSyD,PH
10.0,13.0,khan1273,Vowels,LAPSyD,PH
7.0,7.0,awac1239,Vowels,LAPSyD,PH
17.0,16.0,kwaz1243,Vowels,LAPSyD,PH
16.0,15.0,dutc1256,Vowels,LAPSyD,PH
4.0,13.0,mada1293,Vowels,LAPSyD,PH
11.0,11.0,yuch1247,Vowels,LAPSyD,PH
21.0,21.0,samr1245,Vowels,LAPSyD,PH
15.0,5.0,tolo1259,Vowels,LAPSyD,PH
6.0,6.0,kuot1243,Vowels,LAPSyD,PH
8.0,16.0,slov1268,Vowels,LAPSyD,PH
4.0,4.0,cavi1250,Vowels,LAPSyD,PH
7.0,9.0,bata1289,Vowels,LAPSyD,PH
9.0,11.0,sora1254,Vowels,LAPSyD,PH
10.0,10.0,huas1242,Vowels,LAPSyD,PH
5.0,5.0,malo1243,Vowels,LAPSyD,PH
5.0,5.0,east2440,Vowels,LAPSyD,PH
5.0,5.0,tuka1248,Vowels,LAPSyD,PH
8.0,7.0,toba1269,Vowels,LAPSyD,PH
5.0,5.0,lavu1241,Vowels,LAPSyD,PH
29.0,33.0,basq1248,Sounds,LAPSyD,UZ
43.0,72.0,beng1280,Sounds,LAPSyD,UZ
39.0,68.0,amha1245,Sounds,LAPSyD,UZ
43.0,42.0,haus1257,Sounds,LAPSyD,UZ
30.0,29.0,west2369,Sounds,LAPSyD,UZ
49.0,50.0,iris1253,Sounds,LAPSyD,UZ
24.0,25.0,bard1255,Sounds,LAPSyD,UZ
42.0,40.0,stan1295,Sounds,LAPSyD,UZ
26.0,27.0,hebr1245,Sounds,LAPSyD,UZ
38.0,33.0,assa1263,Sounds,LAPSyD,UZ
35.0,53.0,nara1262,Sounds,LAPSyD,UZ
33.0,33.0,nucl1302,Sounds,LAPSyD,UZ
42.0,42.0,thai1261,Sounds,LAPSyD,UZ
50.0,60.0,hunz1247,Sounds,LAPSyD,UZ
40.0,74.0,nepa1254,Sounds,LAPSyD,UZ
36.0,36.0,nucl1301,Sounds,LAPSyD,UZ
39.0,74.0,tach1250,Sounds,LAPSyD,UZ
28.0,30.0,bulg1262,Sounds,LAPSyD,UZ
29.0,29.0,even1259,Sounds,LAPSyD,UZ
58.0,74.0,hind1269,Sounds,LAPSyD,UZ
26.0,34.0,timn1235,Sounds,LAPSyD,UZ
25.0,21.0,nucl1643,Sounds,LAPSyD,UZ
43.0,39.5,stan1293,Sounds,LAPSyD,UZ
35.0,31.0,kuna1268,Sounds,LAPSyD,UZ
54.0,50.0,tera1251,Sounds,LAPSyD,UZ
26.0,32.0,mode1248,Sounds,LAPSyD,UZ
23.0,25.0,pitj1243,Sounds,LAPSyD,UZ
34.0,56.0,dutc1256,Sounds,LAPSyD,UZ
35.0,36.0,stan1290,Sounds,LAPSyD,UZ
31.0,30.0,kera1255,Sounds,LAPSyD,UZ
22.0,23.0,taus1251,Sounds,LAPSyD,UZ
32.0,48.0,kore1280,Sounds,LAPSyD,UZ
24.0,23.0,basq1248,Consonants,LAPSyD,UZ
29.0,49.0,beng1280,Consonants,LAPSyD,UZ
32.0,61.0,amha1245,Consonants,LAPSyD,UZ
31.0,32.0,haus1257,Consonants,LAPSyD,UZ
24.0,23.0,west2369,Consonants,LAPSyD,UZ
35.0,35.0,iris1253,Consonants,LAPSyD,UZ
17.0,18.0,bard1255,Consonants,LAPSyD,UZ
23.0,21.0,stan1295,Consonants,LAPSyD,UZ
21.0,22.0,hebr1245,Consonants,LAPSyD,UZ
23.0,23.0,assa1263,Consonants,LAPSyD,UZ
25.0,43.0,nara1262,Consonants,LAPSyD,UZ
28.0,28.0,nucl1302,Consonants,LAPSyD,UZ
21.0,21.0,thai1261,Consonants,LAPSyD,UZ
34.0,36.0,hunz1247,Consonants,LAPSyD,UZ
29.0,53.0,nepa1254,Consonants,LAPSyD,UZ
24.0,24.0,nucl1301,Consonants,LAPSyD,UZ
36.0,71.0,tach1250,Consonants,LAPSyD,UZ
22.0,23.0,bulg1262,Consonants,LAPSyD,UZ
18.0,18.0,even1259,Consonants,LAPSyD,UZ
38.0,63.0,hind1269,Consonants,LAPSyD,UZ
17.0,19.0,timn1235,Consonants,LAPSyD,UZ
15.0,16.0,nucl1643,Consonants,LAPSyD,UZ
24.0,24.0,stan1293,Consonants,LAPSyD,UZ
22.0,23.0,kuna1268,Consonants,LAPSyD,UZ
43.0,35.0,tera1251,Consonants,LAPSyD,UZ
21.0,27.0,mode1248,Consonants,LAPSyD,UZ
17.0,17.0,pitj1243,Consonants,LAPSyD,UZ
18.0,22.0,dutc1256,Consonants,LAPSyD,UZ
21.0,21.0,stan1290,Consonants,LAPSyD,UZ
19.0,24.0,kera1255,Consonants,LAPSyD,UZ
17.0,20.0,taus1251,Consonants,LAPSyD,UZ
21.0,20.0,kore1280,Consonants,LAPSyD,UZ
5.0,10.0,basq1248,Vowels,LAPSyD,UZ
14.0,23.0,beng1280,Vowels,LAPSyD,UZ
7.0,7.0,amha1245,Vowels,LAPSyD,UZ
12.0,10.0,haus1257,Vowels,LAPSyD,UZ
6.0,6.0,west2369,Vowels,LAPSyD,UZ
14.0,15.0,iris1253,Vowels,LAPSyD,UZ
7.0,7.0,bard1255,Vowels,LAPSyD,UZ
19.0,19.0,stan1295,Vowels,LAPSyD,UZ
5.0,5.0,hebr1245,Vowels,LAPSyD,UZ
15.0,10.0,assa1263,Vowels,LAPSyD,UZ
10.0,10.0,nara1262,Vowels,LAPSyD,UZ
5.0,5.0,nucl1302,Vowels,LAPSyD,UZ
21.0,21.0,thai1261,Vowels,LAPSyD,UZ
16.0,24.0,hunz1247,Vowels,LAPSyD,UZ
11.0,21.0,nepa1254,Vowels,LAPSyD,UZ
12.0,12.0,nucl1301,Vowels,LAPSyD,UZ
3.0,3.0,tach1250,Vowels,LAPSyD,UZ
6.0,7.0,bulg1262,Vowels,LAPSyD,UZ
11.0,11.0,even1259,Vowels,LAPSyD,UZ
20.0,11.0,hind1269,Vowels,LAPSyD,UZ
9.0,15.0,timn1235,Vowels,LAPSyD,UZ
10.0,5.0,nucl1643,Vowels,LAPSyD,UZ
19.0,15.5,stan1293,Vowels,LAPSyD,UZ
13.0,8.0,kuna1268,Vowels,LAPSyD,UZ
11.0,15.0,tera1251,Vowels,LAPSyD,UZ
5.0,5.0,mode1248,Vowels,LAPSyD,UZ
6.0,8.0,pitj1243,Vowels,LAPSyD,UZ
16.0,33.0,dutc1256,Vowels,LAPSyD,UZ
14.0,15.0,stan1290,Vowels,LAPSyD,UZ
12.0,6.0,kera1255,Vowels,LAPSyD,UZ
5.0,3.0,taus1251,Vowels,LAPSyD,UZ
11.0,28.0,kore1280,Vowels,LAPSyD,UZ
44.0,38.0,siwi1239,Sounds,LAPSyD,GM
30.0,28.0,kabu1256,Sounds,LAPSyD,GM
53.0,49.0,ngit1239,Sounds,LAPSyD,GM
28.0,28.0,adio1239,Sounds,LAPSyD,GM
48.0,44.0,gumu1244,Sounds,LAPSyD,GM
36.0,59.0,katc1249,Sounds,LAPSyD,GM
32.0,37.0,koyr1240,Sounds,LAPSyD,GM
62.0,58.0,sand1273,Sounds,LAPSyD,GM
49.0,56.0,bamb1269,Sounds,LAPSyD,GM
36.0,47.0,aghe1239,Sounds,LAPSyD,GM
34.0,56.0,silt1240,Sounds,LAPSyD,GM
39.0,45.0,bagi1246,Sounds,LAPSyD,GM
45.0,42.0,seba1251,Sounds,LAPSyD,GM
36.0,58.0,east2652,Sounds,LAPSyD,GM
33.0,60.0,kron1241,Sounds,LAPSyD,GM
25.0,26.0,ejag1239,Sounds,LAPSyD,GM
29.0,30.0,umbu1257,Sounds,LAPSyD,GM
41.0,58.0,nucl1696,Sounds,LAPSyD,GM
40.0,40.0,mofu1248,Sounds,LAPSyD,GM
39.0,37.0,tach1250,Sounds,LAPSyD,GM
34.0,46.0,gaam1241,Sounds,LAPSyD,GM
25.0,24.0,bata1293,Sounds,LAPSyD,GM
36.0,33.0,lele1276,Sounds,LAPSyD,GM
28.0,31.0,indo1316,Sounds,LAPSyD,GM
18.0,18.0,tetu1245,Sounds,LAPSyD,GM
40.0,28.0,sooo1256,Sounds,LAPSyD,GM
28.0,24.0,taga1270,Sounds,LAPSyD,GM
39.0,66.0,tsam1247,Sounds,LAPSyD,GM
35.0,39.0,cent2194,Sounds,LAPSyD,GM
43.0,70.0,tada1238,Sounds,LAPSyD,GM
23.0,23.0,east2440,Sounds,LAPSyD,GM
23.0,23.0,buol1237,Sounds,LAPSyD,GM
24.0,23.0,maka1311,Sounds,LAPSyD,GM
38.0,26.0,siwi1239,Consonants,LAPSyD,GM
22.0,21.0,kabu1256,Consonants,LAPSyD,GM
44.0,44.0,ngit1239,Consonants,LAPSyD,GM
21.0,21.0,adio1239,Consonants,LAPSyD,GM
38.0,34.0,gumu1244,Consonants,LAPSyD,GM
22.0,39.0,katc1249,Consonants,LAPSyD,GM
18.0,23.0,koyr1240,Consonants,LAPSyD,GM
47.0,43.0,sand1273,Consonants,LAPSyD,GM
21.0,32.0,bamb1269,Consonants,LAPSyD,GM
26.0,28.0,aghe1239,Consonants,LAPSyD,GM
24.0,46.0,silt1240,Consonants,LAPSyD,GM
30.0,29.0,bagi1246,Consonants,LAPSyD,GM
36.0,36.0,seba1251,Consonants,LAPSyD,GM
26.0,48.0,east2652,Consonants,LAPSyD,GM
19.0,40.0,kron1241,Consonants,LAPSyD,GM
18.0,19.0,ejag1239,Consonants,LAPSyD,GM
21.0,20.0,umbu1257,Consonants,LAPSyD,GM
23.0,40.0,nucl1696,Consonants,LAPSyD,GM
35.0,35.0,mofu1248,Consonants,LAPSyD,GM
36.0,33.0,tach1250,Consonants,LAPSyD,GM
22.0,34.0,gaam1241,Consonants,LAPSyD,GM
18.0,16.0,bata1293,Consonants,LAPSyD,GM
26.0,23.0,lele1276,Consonants,LAPSyD,GM
22.0,23.0,indo1316,Consonants,LAPSyD,GM
13.0,13.0,tetu1245,Consonants,LAPSyD,GM
24.0,18.0,sooo1256,Consonants,LAPSyD,GM
18.0,19.0,taga1270,Consonants,LAPSyD,GM
29.0,56.0,tsam1247,Consonants,LAPSyD,GM
32.0,36.0,cent2194,Consonants,LAPSyD,GM
32.0,59.0,tada1238,Consonants,LAPSyD,GM
18.0,18.0,east2440,Consonants,LAPSyD,GM
18.0,17.0,buol1237,Consonants,LAPSyD,GM
19.0,18.0,maka1311,Consonants,LAPSyD,GM
6.0,12.0,siwi1239,Vowels,LAPSyD,GM
8.0,7.0,kabu1256,Vowels,LAPSyD,GM
9.0,5.0,ngit1239,Vowels,LAPSyD,GM
7.0,7.0,adio1239,Vowels,LAPSyD,GM
10.0,10.0,gumu1244,Vowels,LAPSyD,GM
14.0,20.0,katc1249,Vowels,LAPSyD,GM
14.0,14.0,koyr1240,Vowels,LAPSyD,GM
15.0,15.0,sand1273,Vowels,LAPSyD,GM
28.0,24.0,bamb1269,Vowels,LAPSyD,GM
10.0,19.0,aghe1239,Vowels,LAPSyD,GM
10.0,10.0,silt1240,Vowels,LAPSyD,GM
9.0,16.0,bagi1246,Vowels,LAPSyD,GM
9.0,6.0,seba1251,Vowels,LAPSyD,GM
10.0,10.0,east2652,Vowels,LAPSyD,GM
14.0,20.0,kron1241,Vowels,LAPSyD,GM
7.0,7.0,ejag1239,Vowels,LAPSyD,GM
8.0,10.0,umbu1257,Vowels,LAPSyD,GM
18.0,18.0,nucl1696,Vowels,LAPSyD,GM
5.0,5.0,mofu1248,Vowels,LAPSyD,GM
3.0,4.0,tach1250,Vowels,LAPSyD,GM
12.0,12.0,gaam1241,Vowels,LAPSyD,GM
7.0,8.0,bata1293,Vowels,LAPSyD,GM
10.0,10.0,lele1276,Vowels,LAPSyD,GM
6.0,8.0,indo1316,Vowels,LAPSyD,GM
5.0,5.0,tetu1245,Vowels,LAPSyD,GM
16.0,10.0,sooo1256,Vowels,LAPSyD,GM
10.0,5.0,taga1270,Vowels,LAPSyD,GM
10.0,10.0,tsam1247,Vowels,LAPSyD,GM
3.0,3.0,cent2194,Vowels,LAPSyD,GM
11.0,11.0,tada1238,Vowels,LAPSyD,GM
5.0,5.0,east2440,Vowels,LAPSyD,GM
5.0,6.0,buol1237,Vowels,LAPSyD,GM
5.0,5.0,maka1311,Vowels,LAPSyD,GM
21.0,27.0,bata1289,Sounds,UPSID,PH
26.0,36.0,huas1242,Sounds,UPSID,PH
29.0,24.0,sanm1287,Sounds,UPSID,PH
32.0,31.0,khan1273,Sounds,UPSID,PH
36.0,47.0,khar1287,Sounds,UPSID,PH
33.0,27.0,east2328,Sounds,UPSID,PH
42.0,47.0,nuuc1236,Sounds,UPSID,PH
37.0,47.0,pwon1235,Sounds,UPSID,PH
26.0,18.0,tiwi1244,Sounds,UPSID,PH
29.0,37.0,tuvi1240,Sounds,UPSID,PH
46.0,49.0,yuch1247,Sounds,UPSID,PH
16.0,18.0,bata1289,Consonants,UPSID,PH
21.0,26.0,huas1242,Consonants,UPSID,PH
23.0,18.0,sanm1287,Consonants,UPSID,PH
19.0,18.0,khan1273,Consonants,UPSID,PH
31.0,37.0,khar1287,Consonants,UPSID,PH
25.0,19.0,east2328,Consonants,UPSID,PH
37.0,37.0,nuuc1236,Consonants,UPSID,PH
25.0,23.0,pwon1235,Consonants,UPSID,PH
22.0,14.0,tiwi1244,Consonants,UPSID,PH
20.0,21.0,tuvi1240,Consonants,UPSID,PH
38.0,38.0,yuch1247,Consonants,UPSID,PH
5.0,9.0,bata1289,Vowels,UPSID,PH
5.0,10.0,huas1242,Vowels,UPSID,PH
6.0,6.0,sanm1287,Vowels,UPSID,PH
13.0,13.0,khan1273,Vowels,UPSID,PH
5.0,10.0,khar1287,Vowels,UPSID,PH
8.0,8.0,east2328,Vowels,UPSID,PH
5.0,10.0,nuuc1236,Vowels,UPSID,PH
12.0,24.0,pwon1235,Vowels,UPSID,PH
4.0,4.0,tiwi1244,Vowels,UPSID,PH
9.0,16.0,tuvi1240,Vowels,UPSID,PH
8.0,11.0,yuch1247,Vowels,UPSID,PH
30.0,31.0,east2379,Sounds,UPSID,UZ
37.0,68.0,amha1245,Sounds,UPSID,UZ
24.0,25.0,bard1255,Sounds,UPSID,UZ
43.0,72.0,beng1280,Sounds,UPSID,UZ
42.0,30.0,bulg1262,Sounds,UPSID,UZ
41.0,40.0,stan1295,Sounds,UPSID,UZ
26.0,32.0,mode1248,Sounds,UPSID,UZ
28.0,33.0,basq1248,Sounds,UPSID,UZ
37.0,36.0,stan1290,Sounds,UPSID,UZ
69.0,50.0,iris1253,Sounds,UPSID,UZ
38.0,42.0,haus1257,Sounds,UPSID,UZ
61.0,74.0,hind1269,Sounds,UPSID,UZ
20.0,21.0,nucl1643,Sounds,UPSID,UZ
34.0,33.0,nucl1302,Sounds,UPSID,UZ
30.0,30.0,kera1255,Sounds,UPSID,UZ
32.0,48.0,kore1280,Sounds,UPSID,UZ
26.0,31.0,kuna1268,Sounds,UPSID,UZ
39.0,74.0,nepa1254,Sounds,UPSID,UZ
22.0,53.0,nara1262,Sounds,UPSID,UZ
30.0,29.0,west2369,Sounds,UPSID,UZ
31.0,74.0,tach1250,Sounds,UPSID,UZ
25.0,34.0,timn1235,Sounds,UPSID,UZ
30.0,42.0,thai1261,Sounds,UPSID,UZ
48.0,50.0,tera1251,Sounds,UPSID,UZ
33.0,36.0,nucl1301,Sounds,UPSID,UZ
25.0,42.0,yuec1235,Sounds,UPSID,UZ
27.0,27.0,east2379,Consonants,UPSID,UZ
30.0,61.0,amha1245,Consonants,UPSID,UZ
17.0,18.0,bard1255,Consonants,UPSID,UZ
29.0,49.0,beng1280,Consonants,UPSID,UZ
36.0,23.0,bulg1262,Consonants,UPSID,UZ
22.0,21.0,stan1295,Consonants,UPSID,UZ
21.0,27.0,mode1248,Consonants,UPSID,UZ
23.0,23.0,basq1248,Consonants,UPSID,UZ
21.0,21.0,stan1290,Consonants,UPSID,UZ
45.0,35.0,iris1253,Consonants,UPSID,UZ
31.0,32.0,haus1257,Consonants,UPSID,UZ
40.0,63.0,hind1269,Consonants,UPSID,UZ
15.0,16.0,nucl1643,Consonants,UPSID,UZ
28.0,28.0,nucl1302,Consonants,UPSID,UZ
24.0,24.0,kera1255,Consonants,UPSID,UZ
21.0,20.0,kore1280,Consonants,UPSID,UZ
19.0,23.0,kuna1268,Consonants,UPSID,UZ
27.0,53.0,nepa1254,Consonants,UPSID,UZ
17.0,43.0,nara1262,Consonants,UPSID,UZ
24.0,23.0,west2369,Consonants,UPSID,UZ
28.0,71.0,tach1250,Consonants,UPSID,UZ
17.0,19.0,timn1235,Consonants,UPSID,UZ
21.0,21.0,thai1261,Consonants,UPSID,UZ
42.0,35.0,tera1251,Consonants,UPSID,UZ
25.0,24.0,nucl1301,Consonants,UPSID,UZ
20.0,21.0,yuec1235,Consonants,UPSID,UZ
3.0,4.0,east2379,Vowels,UPSID,UZ
7.0,7.0,amha1245,Vowels,UPSID,UZ
7.0,7.0,bard1255,Vowels,UPSID,UZ
14.0,23.0,beng1280,Vowels,UPSID,UZ
6.0,7.0,bulg1262,Vowels,UPSID,UZ
19.0,19.0,stan1295,Vowels,UPSID,UZ
5.0,5.0,mode1248,Vowels,UPSID,UZ
5.0,10.0,basq1248,Vowels,UPSID,UZ
16.0,15.0,stan1290,Vowels,UPSID,UZ
24.0,15.0,iris1253,Vowels,UPSID,UZ
7.0,10.0,haus1257,Vowels,UPSID,UZ
21.0,11.0,hind1269,Vowels,UPSID,UZ
5.0,5.0,nucl1643,Vowels,UPSID,UZ
6.0,5.0,nucl1302,Vowels,UPSID,UZ
6.0,6.0,kera1255,Vowels,UPSID,UZ
11.0,28.0,kore1280,Vowels,UPSID,UZ
7.0,8.0,kuna1268,Vowels,UPSID,UZ
12.0,21.0,nepa1254,Vowels,UPSID,UZ
5.0,10.0,nara1262,Vowels,UPSID,UZ
6.0,6.0,west2369,Vowels,UPSID,UZ
3.0,3.0,tach1250,Vowels,UPSID,UZ
8.0,15.0,timn1235,Vowels,UPSID,UZ
9.0,21.0,thai1261,Vowels,UPSID,UZ
6.0,15.0,tera1251,Vowels,UPSID,UZ
8.0,12.0,nucl1301,Vowels,UPSID,UZ
5.0,21.0,yuec1235,Vowels,UPSID,UZ
35.0,47.0,aghe1239,Sounds,UPSID,GM
35.0,58.0,akan1250,Sounds,UPSID,GM
36.0,34.0,alla1248,Sounds,UPSID,GM
35.0,56.0,bamb1269,Sounds,UPSID,GM
33.0,34.0,nort2819,Sounds,UPSID,GM
32.0,30.0,east2563,Sounds,UPSID,GM
39.0,84.0,dann1241,Sounds,UPSID,GM
27.0,26.0,ejag1239,Sounds,UPSID,GM
29.0,33.0,java1254,Sounds,UPSID,GM
25.0,31.0,came1252,Sounds,UPSID,GM
36.0,56.0,niel1243,Sounds,UPSID,GM
54.0,58.0,sand1273,Sounds,UPSID,GM
36.0,37.5,ceba1235,Sounds,UPSID,GM
24.0,37.0,koyr1242,Sounds,UPSID,GM
31.0,37.0,tach1250,Sounds,UPSID,GM
33.0,46.0,gaam1241,Sounds,UPSID,GM
19.0,18.0,tetu1245,Sounds,UPSID,GM
23.0,24.0,taga1270,Sounds,UPSID,GM
31.0,28.0,komo1258,Sounds,UPSID,GM
27.0,59.0,katc1249,Sounds,UPSID,GM
25.0,28.0,aghe1239,Consonants,UPSID,GM
21.0,28.0,akan1250,Consonants,UPSID,GM
25.0,23.0,alla1248,Consonants,UPSID,GM
21.0,32.0,bamb1269,Consonants,UPSID,GM
21.0,21.0,nort2819,Consonants,UPSID,GM
21.0,21.0,east2563,Consonants,UPSID,GM
19.0,44.0,dann1241,Consonants,UPSID,GM
20.0,19.0,ejag1239,Consonants,UPSID,GM
21.0,24.0,java1254,Consonants,UPSID,GM
19.0,20.0,came1252,Consonants,UPSID,GM
23.0,25.0,niel1243,Consonants,UPSID,GM
47.0,43.0,sand1273,Consonants,UPSID,GM
24.0,23.0,ceba1235,Consonants,UPSID,GM
15.0,23.0,koyr1242,Consonants,UPSID,GM
28.0,33.0,tach1250,Consonants,UPSID,GM
24.0,34.0,gaam1241,Consonants,UPSID,GM
14.0,13.0,tetu1245,Consonants,UPSID,GM
18.0,19.0,taga1270,Consonants,UPSID,GM
23.0,23.0,komo1258,Consonants,UPSID,GM
22.0,39.0,katc1249,Consonants,UPSID,GM
10.0,19.0,aghe1239,Vowels,UPSID,GM
14.0,30.0,akan1250,Vowels,UPSID,GM
11.0,11.0,alla1248,Vowels,UPSID,GM
14.0,24.0,bamb1269,Vowels,UPSID,GM
12.0,13.0,nort2819,Vowels,UPSID,GM
11.0,9.0,east2563,Vowels,UPSID,GM
20.0,40.0,dann1241,Vowels,UPSID,GM
7.0,7.0,ejag1239,Vowels,UPSID,GM
8.0,9.0,java1254,Vowels,UPSID,GM
6.0,11.0,came1252,Vowels,UPSID,GM
13.0,31.0,niel1243,Vowels,UPSID,GM
7.0,15.0,sand1273,Vowels,UPSID,GM
12.0,14.5,ceba1235,Vowels,UPSID,GM
9.0,14.0,koyr1242,Vowels,UPSID,GM
3.0,4.0,tach1250,Vowels,UPSID,GM
9.0,12.0,gaam1241,Vowels,UPSID,GM
5.0,5.0,tetu1245,Vowels,UPSID,GM
5.0,5.0,taga1270,Vowels,UPSID,GM
8.0,5.0,komo1258,Vowels,UPSID,GM
5.0,20.0,katc1249,Vowels,UPSID,GM
39.0,56.0,dutc1256,Sounds,PH,UZ
24.0,22.0,dutc1256,Consonants,PH,UZ
15.0,33.0,dutc1256,Vowels,PH,UZ
39.0,34.0,izer1241,Sounds,PH,GM
35.0,35.0,gbay1281,Sounds,PH,GM
32.0,38.0,moke1242,Sounds,PH,GM
28.0,23.0,ngom1272,Sounds,PH,GM
48.0,48.0,nuer1246,Sounds,PH,GM
30.5,23.0,east2440,Sounds,PH,GM
50.0,52.0,tsuv1239,Sounds,PH,GM
21.0,23.0,ilok1237,Sounds,PH,GM
31.0,31.0,indo1316,Sounds,PH,GM
24.0,19.0,biak1248,Sounds,PH,GM
36.0,43.0,adam1253,Sounds,PH,GM
28.0,27.0,izer1241,Consonants,PH,GM
28.0,28.0,gbay1281,Consonants,PH,GM
22.0,20.0,moke1242,Consonants,PH,GM
21.0,17.0,ngom1272,Consonants,PH,GM
20.0,20.0,nuer1246,Consonants,PH,GM
25.5,18.0,east2440,Consonants,PH,GM
38.0,28.0,tsuv1239,Consonants,PH,GM
17.0,17.0,ilok1237,Consonants,PH,GM
22.0,23.0,indo1316,Consonants,PH,GM
14.0,14.0,biak1248,Consonants,PH,GM
27.0,33.0,adam1253,Consonants,PH,GM
11.0,7.0,izer1241,Vowels,PH,GM
7.0,7.0,gbay1281,Vowels,PH,GM
10.0,18.0,moke1242,Vowels,PH,GM
7.0,6.0,ngom1272,Vowels,PH,GM
28.0,28.0,nuer1246,Vowels,PH,GM
5.0,5.0,east2440,Vowels,PH,GM
12.0,24.0,tsuv1239,Vowels,PH,GM
4.0,6.0,ilok1237,Vowels,PH,GM
9.0,8.0,indo1316,Vowels,PH,GM
10.0,5.0,biak1248,Vowels,PH,GM
9.0,10.0,adam1253,Vowels,PH,GM
74.0,37.0,tach1250,Sounds,UZ,GM
71.0,33.0,tach1250,Consonants,UZ,GM
3.0,4.0,tach1250,Vowels,UZ,GM
